Result: 24h_raw_sequence
Table: keys: []
                    _time:time                  freq_z:float                     rms:float                     rpm:float                      vz:float
------------------------------  ----------------------------  ----------------------------  ----------------------------  ----------------------------
2026-07-10T15:02:47.220000000Z                          29.8                          4.05                        1739.1                          4.05
2026-07-10T15:03:17.298000000Z                          29.8                          4.05                        1739.5                          4.05
2026-07-10T15:03:47.276000000Z                          29.8                          4.13                        1739.5                          4.13
2026-07-10T15:04:17.321000000Z                          29.8                          3.88                        1739.2                          3.88
2026-07-10T15:04:47.336000000Z                          29.8                          3.92                        1739.2                          3.92
2026-07-10T15:05:17.349000000Z                          29.8                             4                        1739.1                             4
2026-07-10T15:05:47.376000000Z                          29.8                          4.16                        1739.6                          4.16
2026-07-10T15:06:17.546000000Z                          29.8                          3.85                        1739.6                          3.85
2026-07-10T15:06:47.564000000Z                          29.8                          3.82                        1738.7                          3.82
2026-07-10T15:07:17.590000000Z                          29.8                          3.84                        1738.7                          3.84
2026-07-10T15:07:47.666000000Z                          29.8                           3.8                        1739.6                           3.8
2026-07-10T15:08:17.746000000Z                          29.8                          3.77                        1739.7                          3.77
2026-07-10T15:08:47.786000000Z                          29.8                          3.71                        1739.3                          3.71
2026-07-10T15:09:17.733000000Z                          29.8                          3.67                        1739.9                          3.67
2026-07-10T15:09:47.781000000Z                          29.8                          3.75                          1740                          3.75
2026-07-10T15:10:17.823000000Z                          29.8                          3.68                        1739.5                          3.68
2026-07-10T15:10:47.902000000Z                          29.8                          3.89                        1739.5                          3.89
2026-07-10T15:11:17.945000000Z                          29.8                          3.97                          1739                          3.97
2026-07-10T15:11:48.000000000Z                          29.8                          4.02                        1738.8                          4.02
2026-07-10T15:12:17.978000000Z                          29.8                          3.87                        1738.9                          3.87
2026-07-10T15:12:47.987000000Z                          29.8                          3.97                        1739.2                          3.97
2026-07-10T15:13:18.027000000Z                          29.8                          3.89                        1739.3                          3.89
2026-07-10T15:13:48.113000000Z                          29.8                           3.8                        1739.3                           3.8
2026-07-10T15:14:18.181000000Z                          29.8                          3.86                          1739                          3.86
2026-07-10T15:14:48.199000000Z                          29.8                          3.92                        1739.1                          3.92
2026-07-10T15:15:18.204000000Z                          29.8                          3.81                        1739.4                          3.81
2026-07-10T15:15:48.190000000Z                          29.8                          3.97                        1739.3                          3.97
2026-07-10T15:16:49.751000000Z                          29.8                          4.13                        1739.4                          4.13
2026-07-10T15:17:19.885000000Z                          29.8                          3.89                        1739.5                          3.89
2026-07-10T15:17:50.753000000Z                          29.8                          3.99                        1738.8                          3.99
2026-07-10T15:18:20.851000000Z                          29.8                          3.95                        1739.5                          3.95
2026-07-10T15:18:50.693000000Z                          29.8                          3.71                        1739.4                          3.71
2026-07-10T15:19:20.846000000Z                          29.8                          3.81                        1739.6                          3.81
2026-07-10T15:19:50.840000000Z                          29.8                          3.96                        1738.8                          3.96
2026-07-10T15:20:20.944000000Z                          29.8                          3.98                        1739.1                          3.98
2026-07-10T15:20:51.082000000Z                          29.8                          3.86                        1739.4                          3.86
2026-07-10T15:21:21.135000000Z                          29.8                           3.8                        1739.5                           3.8
2026-07-10T15:22:22.715000000Z                          29.8                          3.88                        1738.9                          3.88
2026-07-10T15:22:35.494000000Z                          29.8                          4.18                        1739.5                          4.18
2026-07-10T15:23:05.599000000Z                          29.8                          3.92                        1739.5                          3.92
2026-07-10T15:23:35.747000000Z                          29.8                          4.13                        1739.2                          4.13
2026-07-10T15:24:05.741000000Z                          29.8                          3.79                        1739.5                          3.79
2026-07-10T15:24:35.790000000Z                          29.8                          3.71                        1739.5                          3.71
2026-07-10T15:25:05.880000000Z                          29.8                          3.88                        1739.2                          3.88
2026-07-10T15:25:35.914000000Z                          29.8                          3.98                        1739.3                          3.98
2026-07-10T15:26:05.891000000Z                          29.8                          3.76                        1739.3                          3.76
2026-07-10T15:26:35.964000000Z                          29.8                           3.8                          1739                           3.8
2026-07-10T15:27:06.066000000Z                          29.8                          3.94                        1739.5                          3.94
2026-07-10T15:27:36.126000000Z                          29.8                          3.75                        1739.5                          3.75
2026-07-10T15:28:06.161000000Z                          29.8                             4                        1739.3                             4
2026-07-10T15:28:36.232000000Z                          29.8                          3.86                        1739.2                          3.86
2026-07-10T15:29:06.320000000Z                          29.8                          3.82                        1739.6                          3.82
2026-07-10T15:29:36.397000000Z                          29.8                          3.98                        1739.4                          3.98
2026-07-10T15:30:06.812000000Z                          29.8                          3.93                        1738.9                          3.93
2026-07-10T15:30:36.501000000Z                          29.8                          3.76                        1739.6                          3.76
2026-07-10T15:31:06.551000000Z                          29.8                          3.81                        1739.3                          3.81
2026-07-10T15:31:36.535000000Z                          29.8                          3.87                        1739.2                          3.87
2026-07-10T15:32:06.656000000Z                          29.8                          3.88                        1739.3                          3.88
2026-07-10T15:32:36.708000000Z                          29.8                          3.87                        1739.5                          3.87
2026-07-10T15:33:06.767000000Z                          29.8                          4.06                        1738.9                          4.06
2026-07-10T15:33:36.789000000Z                          29.8                          4.01                        1739.6                          4.01
2026-07-10T15:34:06.788000000Z                          29.8                          3.72                        1739.5                          3.72
2026-07-10T15:34:36.821000000Z                          29.8                          4.07                        1739.3                          4.07
2026-07-10T15:35:06.978000000Z                          29.8                          3.89                        1739.3                          3.89
2026-07-10T15:35:37.013000000Z                          29.8                          3.82                        1739.4                          3.82
2026-07-10T15:36:07.156000000Z                          29.8                             4                        1739.4                             4
2026-07-10T15:36:37.230000000Z                          29.8                          4.19                        1738.8                          4.19
2026-07-10T15:37:07.208000000Z                          29.8                          3.94                        1739.6                          3.94
2026-07-10T15:37:37.316000000Z                          29.8                             4                        1739.3                             4
2026-07-10T15:38:07.326000000Z                          29.8                          3.96                          1739                          3.96
2026-07-10T15:38:37.346000000Z                          29.8                          3.73                        1739.5                          3.73
2026-07-10T15:39:07.492000000Z                          29.8                          3.99                        1739.7                          3.99
2026-07-10T15:39:37.482000000Z                          29.8                          3.75                        1739.4                          3.75
2026-07-10T15:40:07.689000000Z                          29.8                          3.83                        1739.5                          3.83
2026-07-10T15:40:37.714000000Z                          29.8                          3.79                        1739.1                          3.79
2026-07-10T15:41:07.687000000Z                          29.8                          3.85                        1739.4                          3.85
2026-07-10T15:41:37.767000000Z                          29.8                          4.03                        1739.1                          4.03
2026-07-10T15:42:07.857000000Z                          29.8                          4.01                        1738.9                          4.01
2026-07-10T15:42:37.884000000Z                          29.8                          3.86                        1739.4                          3.86
2026-07-10T15:43:07.921000000Z                          29.8                          3.95                        1739.1                          3.95
2026-07-10T15:43:38.041000000Z                          29.8                          3.79                        1739.4                          3.79
2026-07-10T15:44:08.060000000Z                          29.8                          3.86                        1739.5                          3.86
2026-07-10T15:44:38.080000000Z                          29.8                           3.9                          1739                           3.9
2026-07-10T15:45:08.154000000Z                          29.8                          3.93                        1739.7                          3.93
2026-07-10T15:45:38.204000000Z                          29.8                          4.03                        1739.2                          4.03
2026-07-10T15:46:08.344000000Z                          29.8                          3.85                        1739.4                          3.85
2026-07-10T15:46:38.312000000Z                          29.8                          3.85                        1739.9                          3.85
2026-07-10T15:47:08.348000000Z                          29.8                          4.12                        1740.1                          4.12
2026-07-10T15:47:38.461000000Z                          29.8                           3.9                        1739.5                           3.9
2026-07-10T15:48:08.538000000Z                          29.8                          4.08                        1739.8                          4.08
2026-07-10T15:48:38.636000000Z                          29.8                          3.95                        1740.3                          3.95
2026-07-10T15:49:08.723000000Z                          29.8                          3.98                        1739.9                          3.98
2026-07-10T15:49:39.201000000Z                          29.8                           3.9                        1739.8                           3.9
2026-07-10T15:50:08.803000000Z                          29.8                          3.93                        1740.2                          3.93
2026-07-10T15:50:38.786000000Z                          29.8                          3.95                        1739.1                          3.95
2026-07-10T15:51:08.771000000Z                          29.8                          3.71                        1739.9                          3.71
2026-07-10T15:51:38.797000000Z                          29.8                          3.88                        1739.6                          3.88
2026-07-10T15:52:08.878000000Z                          29.8                          3.78                        1739.6                          3.78
2026-07-10T15:52:38.852000000Z                          29.8                           4.1                        1739.3                           4.1
2026-07-10T15:53:08.881000000Z                          29.8                          3.76                        1739.4                          3.76
2026-07-10T15:53:38.961000000Z                          29.8                          4.05                        1739.4                          4.05
2026-07-10T15:54:09.106000000Z                          29.8                          4.21                        1739.5                          4.21
2026-07-10T15:54:39.126000000Z                          29.8                           3.9                        1740.2                           3.9
2026-07-10T15:55:09.097000000Z                          29.8                          4.11                        1739.2                          4.11
2026-07-10T15:55:39.108000000Z                          29.8                          3.88                        1739.9                          3.88
2026-07-10T15:56:09.166000000Z                          29.8                          3.93                        1739.7                          3.93
2026-07-10T15:56:39.208000000Z                          29.8                          3.91                        1739.6                          3.91
2026-07-10T15:57:09.262000000Z                          29.8                          3.95                        1739.4                          3.95
2026-07-10T15:57:39.411000000Z                          29.8                          3.88                        1739.7                          3.88
2026-07-10T15:58:09.452000000Z                          29.8                          3.83                        1739.3                          3.83
2026-07-10T15:58:39.514000000Z                          29.8                          3.91                        1739.7                          3.91
2026-07-10T15:59:09.674000000Z                          29.8                          3.85                        1739.9                          3.85
2026-07-10T15:59:40.191000000Z                          29.8                          3.98                        1739.9                          3.98
2026-07-10T16:00:09.729000000Z                          29.8                           3.9                        1740.3                           3.9
2026-07-10T16:00:39.834000000Z                          29.8                          3.89                        1739.9                          3.89
2026-07-10T16:01:09.876000000Z                          29.8                          4.02                          1740                          4.02
2026-07-10T16:01:39.975000000Z                          29.8                          4.01                        1739.6                          4.01
2026-07-10T16:02:10.035000000Z                          29.8                          3.92                        1740.4                          3.92
2026-07-10T16:02:40.148000000Z                          29.8                          4.07                        1739.8                          4.07
2026-07-10T16:03:10.241000000Z                          29.8                          3.93                          1740                          3.93
2026-07-10T16:03:40.243000000Z                          29.8                          4.01                        1739.5                          4.01
2026-07-10T16:04:10.262000000Z                          29.8                          4.03                        1739.5                          4.03
2026-07-10T16:04:40.336000000Z                          29.8                          4.14                        1740.1                          4.14
2026-07-10T16:05:10.476000000Z                          29.8                          4.06                        1739.6                          4.06
2026-07-10T16:05:40.440000000Z                          29.8                          4.19                        1739.6                          4.19
2026-07-10T16:06:10.524000000Z                          29.8                           4.1                        1740.3                           4.1
2026-07-10T16:06:40.539000000Z                          29.8                          3.92                        1739.4                          3.92
2026-07-10T16:07:10.578000000Z                          29.8                          4.07                        1739.5                          4.07
2026-07-10T16:07:40.654000000Z                          29.8                          3.89                        1740.2                          3.89
2026-07-10T16:08:10.752000000Z                          29.8                          3.79                        1739.6                          3.79
2026-07-10T16:08:40.797000000Z                          29.8                          3.97                        1739.5                          3.97
2026-07-10T16:09:10.797000000Z                          29.8                             4                        1739.9                             4
2026-07-10T16:09:40.850000000Z                          29.8                          3.83                          1740                          3.83
2026-07-10T16:10:10.951000000Z                          29.8                           4.1                        1739.1                           4.1
2026-07-10T16:10:41.035000000Z                          29.8                          3.94                        1739.5                          3.94
2026-07-10T16:11:11.182000000Z                          29.8                          3.85                        1739.7                          3.85
2026-07-10T16:11:41.270000000Z                          29.8                          3.83                        1739.2                          3.83
2026-07-10T16:12:11.369000000Z                          29.8                          3.82                        1739.8                          3.82
2026-07-10T16:12:41.345000000Z                          29.8                          3.99                          1740                          3.99
2026-07-10T16:13:11.339000000Z                          29.8                          3.91                        1740.2                          3.91
2026-07-10T16:13:41.447000000Z                          29.8                          3.95                        1740.1                          3.95
2026-07-10T16:14:11.518000000Z                          29.8                          3.89                        1739.7                          3.89
2026-07-10T16:14:41.542000000Z                          29.8                          3.95                        1739.9                          3.95
2026-07-10T16:15:11.632000000Z                          29.8                          3.97                          1740                          3.97
2026-07-10T16:15:41.730000000Z                          29.8                          3.97                        1739.6                          3.97
2026-07-10T16:16:11.737000000Z                          29.8                          4.07                        1739.7                          4.07
2026-07-10T16:16:41.731000000Z                          29.8                          4.05                        1739.6                          4.05
2026-07-10T16:17:11.825000000Z                          29.8                           4.1                        1739.7                           4.1
2026-07-10T16:17:41.957000000Z                          29.8                           3.9                        1740.1                           3.9
2026-07-10T16:18:11.934000000Z                          29.8                          4.02                        1739.7                          4.02
2026-07-10T16:18:42.025000000Z                          29.8                          4.01                        1739.6                          4.01
2026-07-10T16:19:12.138000000Z                          29.8                          4.09                        1739.7                          4.09
2026-07-10T16:19:42.070000000Z                          29.8                          3.99                        1737.8                          3.99
2026-07-10T16:20:12.118000000Z                          29.8                          4.01                        1738.3                          4.01
2026-07-10T16:20:42.183000000Z                          29.8                          4.05                        1737.8                          4.05
2026-07-10T16:21:12.324000000Z                          29.8                          4.11                        1738.1                          4.11
2026-07-10T16:21:39.467000000Z                          29.8                          4.53                        1737.7                          4.53
2026-07-10T16:22:09.309000000Z                          29.8                          3.92                        1738.1                          3.92
2026-07-10T16:22:39.386000000Z                          29.8                          3.95                        1738.3                          3.95
2026-07-10T16:23:09.464000000Z                          29.8                          4.06                        1738.4                          4.06
2026-07-10T16:23:39.537000000Z                          29.8                          4.16                        1738.2                          4.16
2026-07-10T16:24:09.613000000Z                          29.8                          4.02                        1738.1                          4.02
2026-07-10T16:24:40.144000000Z                          29.8                          3.91                          1738                          3.91
2026-07-10T16:25:09.780000000Z                          29.8                          4.15                        1738.2                          4.15
2026-07-10T16:25:39.683000000Z                          29.8                          4.03                        1738.1                          4.03
2026-07-10T16:26:09.705000000Z                          29.8                          3.82                        1738.2                          3.82
2026-07-10T16:26:39.791000000Z                          29.8                          4.03                        1738.1                          4.03
2026-07-10T16:27:09.899000000Z                          29.8                          3.91                        1738.1                          3.91
2026-07-10T16:27:39.991000000Z                          29.8                          4.19                        1737.9                          4.19
2026-07-10T16:28:10.053000000Z                          29.8                          3.98                        1738.2                          3.98
2026-07-10T16:28:40.041000000Z                          29.8                          4.07                        1738.1                          4.07
2026-07-10T16:29:10.083000000Z                          29.8                          4.15                        1737.8                          4.15
2026-07-10T16:29:40.174000000Z                          29.8                             4                        1738.1                             4
2026-07-10T16:30:10.149000000Z                          29.8                           4.2                        1737.7                           4.2
2026-07-10T16:30:40.083000000Z                          29.8                          4.04                        1738.1                          4.04
2026-07-10T16:31:10.164000000Z                          29.8                           4.1                        1737.9                           4.1
2026-07-10T16:31:40.242000000Z                          29.8                          4.15                        1737.8                          4.15
2026-07-10T16:32:10.281000000Z                          29.8                          4.02                        1738.1                          4.02
2026-07-10T16:32:40.364000000Z                          29.8                          4.29                        1737.8                          4.29
2026-07-10T16:33:10.341000000Z                          29.8                          4.15                        1737.7                          4.15
2026-07-10T16:33:40.938000000Z                          29.8                          4.06                        1738.2                          4.06
2026-07-10T16:34:10.411000000Z                          29.8                          4.12                        1737.6                          4.12
2026-07-10T16:34:40.482000000Z                          29.8                          3.96                        1738.2                          3.96
2026-07-10T16:35:10.482000000Z                          29.8                          4.21                        1737.8                          4.21
2026-07-10T16:35:40.652000000Z                          29.8                           4.1                          1738                           4.1
2026-07-10T16:36:10.741000000Z                          29.8                          4.02                        1738.4                          4.02
2026-07-10T16:36:40.749000000Z                          29.8                          3.96                        1737.7                          3.96
2026-07-10T16:37:10.783000000Z                          29.8                           3.9                        1738.2                           3.9
2026-07-10T16:37:40.763000000Z                          29.8                           4.2                          1738                           4.2
2026-07-10T16:38:10.882000000Z                          29.8                          3.95                        1737.9                          3.95
2026-07-10T16:38:40.877000000Z                          29.8                          4.14                        1738.2                          4.14
2026-07-10T16:39:10.967000000Z                          29.8                          4.09                        1737.8                          4.09
2026-07-10T16:39:41.135000000Z                          29.8                          4.12                        1738.3                          4.12
2026-07-10T16:40:11.069000000Z                          29.8                          4.07                          1738                          4.07
2026-07-10T16:40:41.150000000Z                          29.8                          3.92                        1738.2                          3.92
2026-07-10T16:41:11.241000000Z                          29.8                          4.07                        1738.2                          4.07
2026-07-10T16:41:41.201000000Z                          29.8                          4.14                        1738.2                          4.14
2026-07-10T16:42:11.287000000Z                          29.8                           3.8                        1738.2                           3.8
2026-07-10T16:42:41.369000000Z                          29.8                          4.09                        1737.8                          4.09
2026-07-10T16:43:11.332000000Z                          29.8                          3.98                        1738.1                          3.98
2026-07-10T16:43:41.440000000Z                          29.8                          4.19                        1737.7                          4.19
2026-07-10T16:44:11.421000000Z                          29.8                          3.89                        1738.1                          3.89
2026-07-10T16:44:21.515000000Z                          29.8                          4.51                        1737.9                          4.51
2026-07-10T16:44:51.629000000Z                          29.8                          3.96                        1738.3                          3.96
2026-07-10T16:45:21.686000000Z                          29.8                             4                          1738                             4
2026-07-10T16:45:51.716000000Z                          29.8                          3.95                        1737.6                          3.95
2026-07-10T16:46:21.812000000Z                          29.8                          4.04                          1738                          4.04
2026-07-10T16:46:51.784000000Z                          29.8                          4.17                        1738.2                          4.17
2026-07-10T16:47:21.870000000Z                          29.8                          3.99                        1737.7                          3.99
2026-07-10T16:47:51.905000000Z                          29.8                          3.94                        1738.3                          3.94
2026-07-10T16:48:21.901000000Z                          29.8                          4.04                          1738                          4.04
2026-07-10T16:48:51.885000000Z                          29.8                          4.03                        1737.7                          4.03
2026-07-10T16:49:21.972000000Z                          29.8                          4.07                          1738                          4.07
2026-07-10T16:49:52.001000000Z                          29.8                          4.05                        1737.7                          4.05
2026-07-10T16:50:22.001000000Z                          29.8                          4.07                        1738.4                          4.07
2026-07-10T16:50:52.068000000Z                          29.8                          4.01                        1738.1                          4.01
2026-07-10T16:51:22.155000000Z                         524.7                          3.92                        1737.9                          3.92
2026-07-10T16:51:52.750000000Z                          29.8                          4.02                        1737.9                          4.02
2026-07-10T16:52:22.340000000Z                          29.8                          4.15                        1737.9                          4.15
2026-07-10T16:52:52.323000000Z                          29.8                          3.99                        1738.3                          3.99
2026-07-10T16:53:22.343000000Z                          29.8                          4.13                        1738.3                          4.13
2026-07-10T16:53:52.384000000Z                          29.8                          4.15                        1738.3                          4.15
2026-07-10T16:54:22.382000000Z                          29.8                          4.04                        1738.4                          4.04
2026-07-10T16:54:52.406000000Z                          29.8                          4.02                        1737.8                          4.02
2026-07-10T16:55:22.507000000Z                          29.8                          4.03                        1738.2                          4.03
2026-07-10T16:55:52.592000000Z                          29.8                          4.16                        1737.7                          4.16
2026-07-10T16:56:22.705000000Z                          29.8                          3.93                        1738.2                          3.93
2026-07-10T16:56:52.771000000Z                          29.8                          4.07                        1737.7                          4.07
2026-07-10T16:57:22.739000000Z                          29.8                          3.86                        1738.4                          3.86
2026-07-10T16:57:52.725000000Z                          29.8                          4.18                        1738.1                          4.18
2026-07-10T16:58:22.734000000Z                          29.8                          3.94                        1738.3                          3.94
2026-07-10T16:58:52.774000000Z                          29.8                          3.95                        1738.4                          3.95
2026-07-10T16:59:22.861000000Z                          29.8                          4.07                        1737.7                          4.07
2026-07-10T16:59:52.940000000Z                          29.8                          4.05                        1738.3                          4.05
2026-07-10T17:00:22.933000000Z                          29.8                          4.26                        1737.6                          4.26
2026-07-10T17:00:52.994000000Z                          29.8                          3.99                        1738.2                          3.99
2026-07-10T17:01:22.985000000Z                          29.8                          4.19                        1737.6                          4.19
2026-07-10T17:01:53.044000000Z                          29.8                          4.03                        1738.2                          4.03
2026-07-10T17:02:23.144000000Z                          29.8                           4.3                        1738.1                           4.3
2026-07-10T17:02:53.290000000Z                          29.8                          4.05                        1738.1                          4.05
2026-07-10T17:03:23.447000000Z                          29.8                          4.06                        1738.3                          4.06
2026-07-10T17:03:53.342000000Z                          29.8                          4.14                        1737.6                          4.14
2026-07-10T17:04:23.345000000Z                          29.8                          3.99                        1738.3                          3.99
2026-07-10T17:04:53.396000000Z                          29.8                          4.19                        1738.3                          4.19
2026-07-10T17:05:23.476000000Z                          29.8                          4.04                        1738.1                          4.04
2026-07-10T17:05:53.475000000Z                          29.8                             4                        1738.4                             4
2026-07-10T17:06:23.571000000Z                          29.8                          4.17                          1738                          4.17
2026-07-10T17:06:53.724000000Z                          29.8                          3.97                        1738.4                          3.97
2026-07-10T17:07:23.689000000Z                          29.8                          4.02                        1738.2                          4.02
2026-07-10T17:07:53.816000000Z                          29.8                           4.1                        1738.4                           4.1
2026-07-10T17:08:23.881000000Z                          29.8                          4.04                          1738                          4.04
2026-07-10T17:08:53.952000000Z                          29.8                          3.98                        1738.2                          3.98
2026-07-10T17:09:24.021000000Z                          29.8                          4.16                        1737.8                          4.16
2026-07-10T17:09:53.943000000Z                          29.8                          4.06                        1738.4                          4.06
2026-07-10T17:10:24.021000000Z                          29.8                          4.17                          1738                          4.17
2026-07-10T17:10:54.053000000Z                          29.8                          4.04                          1738                          4.04
2026-07-10T17:11:24.107000000Z                          29.8                          4.17                        1738.3                          4.17
2026-07-10T17:11:54.150000000Z                          29.8                          4.14                        1738.1                          4.14
2026-07-10T17:12:24.199000000Z                          29.8                          4.17                        1738.3                          4.17
2026-07-10T17:12:54.259000000Z                          29.8                          4.07                        1737.9                          4.07
2026-07-10T17:13:24.289000000Z                          29.8                          4.14                        1738.4                          4.14
2026-07-10T17:13:54.274000000Z                          29.8                          4.04                        1738.2                          4.04
2026-07-10T17:14:24.495000000Z                          29.8                          4.17                        1738.2                          4.17
2026-07-10T17:14:54.879000000Z                          29.8                          4.28                        1737.9                          4.28
2026-07-10T17:15:24.524000000Z                          29.8                          4.03                        1738.4                          4.03
2026-07-10T17:15:54.543000000Z                          29.8                          3.99                          1738                          3.99
2026-07-10T17:16:24.537000000Z                          29.8                          4.15                        1738.3                          4.15
2026-07-10T17:16:54.546000000Z                          29.8                          4.19                        1738.3                          4.19
2026-07-10T17:17:24.619000000Z                          29.8                          4.03                        1738.4                          4.03
2026-07-10T17:17:54.702000000Z                          29.8                          4.08                          1738                          4.08
2026-07-10T17:18:24.774000000Z                          29.8                          4.15                        1738.2                          4.15
2026-07-10T17:18:54.759000000Z                          29.8                          4.03                        1737.8                          4.03
2026-07-10T17:19:24.822000000Z                          29.8                          4.02                        1738.1                          4.02
2026-07-10T17:19:54.920000000Z                          29.8                          3.87                          1738                          3.87
2026-07-10T17:20:24.961000000Z                          29.8                          3.82                          1738                          3.82
2026-07-10T17:20:54.973000000Z                          29.8                             4                          1738                             4
2026-07-10T17:21:25.056000000Z                          29.8                          3.89                        1738.1                          3.89
2026-07-10T17:21:55.105000000Z                          29.8                          3.79                          1738                          3.79
2026-07-10T17:22:25.177000000Z                          29.8                          4.02                        1737.9                          4.02
2026-07-10T17:22:55.197000000Z                          29.8                          4.08                        1737.8                          4.08
2026-07-10T17:23:25.320000000Z                          29.8                          3.94                        1737.9                          3.94
2026-07-10T17:23:55.367000000Z                          29.8                          4.19                        1737.9                          4.19
2026-07-10T17:24:25.465000000Z                          29.8                           4.1                        1737.5                           4.1
2026-07-10T17:24:55.429000000Z                          29.8                          4.02                          1738                          4.02
2026-07-10T17:25:25.909000000Z                          29.8                          4.28                        1738.1                          4.28
2026-07-10T17:25:55.426000000Z                          29.8                          4.14                        1738.1                          4.14
2026-07-10T17:26:25.434000000Z                          29.8                          3.92                        1738.1                          3.92
2026-07-10T17:26:55.467000000Z                          29.8                          4.08                        1737.8                          4.08
2026-07-10T17:27:25.567000000Z                          29.8                          3.91                        1737.7                          3.91
2026-07-10T17:27:55.550000000Z                          29.8                          3.91                          1738                          3.91
2026-07-10T17:28:25.642000000Z                          29.8                          4.07                        1737.8                          4.07
2026-07-10T17:28:55.644000000Z                          29.8                          3.93                        1738.1                          3.93
2026-07-10T17:29:25.735000000Z                          29.8                          3.85                        1738.3                          3.85
2026-07-10T17:29:55.728000000Z                          29.8                          4.05                        1737.9                          4.05
2026-07-10T17:30:25.871000000Z                          29.8                          3.87                        1738.4                          3.87
2026-07-10T17:30:55.910000000Z                          29.8                          4.07                        1738.1                          4.07
2026-07-10T17:31:25.924000000Z                          29.8                          3.98                        1737.8                          3.98
2026-07-10T17:31:55.964000000Z                          29.8                          3.96                        1738.3                          3.96
2026-07-10T17:32:25.948000000Z                          29.8                          4.09                        1737.6                          4.09
2026-07-10T17:32:56.053000000Z                          29.8                          3.87                        1738.1                          3.87
2026-07-10T17:33:26.172000000Z                          29.8                          3.96                        1738.1                          3.96
2026-07-10T17:33:56.201000000Z                          29.8                          4.07                        1737.7                          4.07
2026-07-10T17:34:26.256000000Z                          29.8                           3.8                        1738.2                           3.8
2026-07-10T17:34:56.317000000Z                          29.8                          4.03                        1738.2                          4.03
2026-07-10T17:35:26.437000000Z                          29.8                          4.11                        1737.6                          4.11
2026-07-10T17:35:56.452000000Z                          29.8                          3.82                        1738.1                          3.82
2026-07-10T17:36:26.494000000Z                          29.8                          4.15                        1738.1                          4.15
2026-07-10T17:36:56.514000000Z                          29.8                          4.04                          1738                          4.04
2026-07-10T17:37:26.986000000Z                          29.8                          4.08                        1738.2                          4.08
2026-07-10T17:37:56.608000000Z                          29.8                          4.11                        1737.7                          4.11
2026-07-10T17:38:26.639000000Z                          29.8                          3.96                        1738.2                          3.96
2026-07-10T17:38:56.685000000Z                          29.8                          4.07                        1737.9                          4.07
2026-07-10T17:39:26.680000000Z                          29.8                             4                        1737.8                             4
2026-07-10T17:39:56.801000000Z                          29.8                          3.94                        1738.2                          3.94
2026-07-10T17:40:26.847000000Z                          29.8                          4.06                        1738.2                          4.06
2026-07-10T17:40:56.936000000Z                          29.8                          3.97                        1738.2                          3.97
2026-07-10T17:41:26.974000000Z                          29.8                          3.84                        1738.3                          3.84
2026-07-10T17:41:57.007000000Z                          29.8                          4.05                        1737.8                          4.05
2026-07-10T17:42:27.152000000Z                          29.8                          3.82                        1738.3                          3.82
2026-07-10T17:42:57.208000000Z                          29.8                          4.13                          1738                          4.13
2026-07-10T17:43:27.319000000Z                          29.8                          4.03                        1738.4                          4.03
2026-07-10T17:43:57.341000000Z                          29.8                          4.06                        1738.3                          4.06
2026-07-10T17:44:27.268000000Z                          29.8                          3.86                        1738.3                          3.86
2026-07-10T17:44:57.390000000Z                          29.8                          3.96                        1738.1                          3.96
2026-07-10T17:45:27.495000000Z                          29.8                          4.04                        1737.9                          4.04
2026-07-10T17:45:57.556000000Z                          29.8                          3.96                        1738.2                          3.96
2026-07-10T17:46:27.609000000Z                          29.8                          4.08                        1738.4                          4.08
2026-07-10T17:46:57.610000000Z                          29.8                          3.89                        1738.5                          3.89
2026-07-10T17:47:27.732000000Z                          29.8                          4.21                        1738.1                          4.21
2026-07-10T17:47:57.735000000Z                          29.8                          3.89                        1738.2                          3.89
2026-07-10T17:48:27.900000000Z                          29.8                          4.03                        1738.3                          4.03
2026-07-10T17:48:57.894000000Z                          29.8                          4.02                        1738.1                          4.02
2026-07-10T17:49:27.950000000Z                          29.8                          3.97                        1738.1                          3.97
2026-07-10T17:49:57.925000000Z                          29.8                          4.05                        1737.7                          4.05
2026-07-10T17:50:27.910000000Z                          29.8                          3.93                          1738                          3.93
2026-07-10T17:50:58.018000000Z                          29.8                          4.26                        1737.9                          4.26
2026-07-10T17:51:28.098000000Z                          29.8                          3.91                        1738.3                          3.91
2026-07-10T17:51:58.077000000Z                          29.8                           4.2                        1738.2                           4.2
2026-07-10T17:52:28.086000000Z                          29.8                          4.18                        1737.7                          4.18
2026-07-10T17:52:58.150000000Z                          29.8                             4                        1738.4                             4
2026-07-10T17:53:28.159000000Z                          29.8                          4.19                          1738                          4.19
2026-07-10T17:53:58.215000000Z                          29.8                          3.84                          1738                          3.84
2026-07-10T17:54:28.320000000Z                          29.8                          4.05                          1738                          4.05
2026-07-10T17:54:58.395000000Z                          29.8                          3.95                        1738.2                          3.95
2026-07-10T17:55:28.338000000Z                          29.8                          3.79                        1738.1                          3.79
2026-07-10T17:55:58.410000000Z                          29.8                          4.12                          1738                          4.12
2026-07-10T17:56:28.403000000Z                          29.8                          4.04                        1738.2                          4.04
2026-07-10T17:56:58.543000000Z                          29.8                          3.96                        1738.3                          3.96
2026-07-10T17:57:28.583000000Z                          29.8                          3.92                          1738                          3.92
2026-07-10T17:57:58.634000000Z                          29.8                          3.85                        1738.2                          3.85
2026-07-10T17:58:28.653000000Z                          29.8                          4.09                          1738                          4.09
2026-07-10T17:58:58.688000000Z                          29.8                          4.03                        1738.1                          4.03
2026-07-10T17:59:28.729000000Z                          29.8                          3.96                        1738.3                          3.96
2026-07-10T17:59:58.818000000Z                          29.8                          4.18                        1737.9                          4.18
2026-07-10T18:00:28.939000000Z                          29.8                          3.94                        1738.1                          3.94
2026-07-10T18:00:59.012000000Z                          29.8                          4.07                        1737.7                          4.07
2026-07-10T18:01:29.097000000Z                          29.8                          4.14                        1738.1                          4.14
2026-07-10T18:01:59.100000000Z                          29.8                          4.15                        1737.8                          4.15
2026-07-10T18:02:29.225000000Z                          29.8                          4.11                          1738                          4.11
2026-07-10T18:02:59.248000000Z                          29.8                          4.08                        1738.3                          4.08
2026-07-10T18:03:29.252000000Z                          29.8                          4.15                        1737.8                          4.15
2026-07-10T18:03:59.413000000Z                          29.8                           3.9                          1738                           3.9
2026-07-10T18:04:29.374000000Z                          29.8                          4.23                        1737.9                          4.23
2026-07-10T18:04:59.531000000Z                          29.8                          3.96                        1738.2                          3.96
2026-07-10T18:05:29.571000000Z                          29.8                          4.26                        1737.7                          4.26
2026-07-10T18:05:59.648000000Z                          29.8                          3.79                        1738.3                          3.79
2026-07-10T18:06:29.659000000Z                          29.8                          4.02                        1737.8                          4.02
2026-07-10T18:06:59.647000000Z                          29.8                          3.89                        1738.4                          3.89
2026-07-10T18:07:29.588000000Z                          29.8                          4.09                        1738.3                          4.09
2026-07-10T18:07:59.618000000Z                          29.8                          3.91                        1738.2                          3.91
2026-07-10T18:08:29.700000000Z                          29.8                          3.99                        1738.2                          3.99
2026-07-10T18:08:59.736000000Z                          29.8                          3.92                        1738.1                          3.92
2026-07-10T18:09:29.990000000Z                          29.8                          3.92                          1738                          3.92
2026-07-10T18:09:59.867000000Z                          29.8                          4.05                        1737.7                          4.05
2026-07-10T18:10:29.965000000Z                          29.8                          3.89                        1738.3                          3.89
2026-07-10T18:11:00.122000000Z                          29.8                          4.24                        1737.9                          4.24
2026-07-10T18:11:30.121000000Z                          29.8                          4.04                        1738.2                          4.04
2026-07-10T18:12:00.141000000Z                          29.8                          4.14                          1738                          4.14
2026-07-10T18:12:30.146000000Z                          29.8                          4.02                        1737.9                          4.02
2026-07-10T18:13:00.181000000Z                          29.8                          4.21                        1738.1                          4.21
2026-07-10T18:13:30.251000000Z                          29.8                          3.87                        1738.1                          3.87
2026-07-10T18:14:00.263000000Z                          29.8                          4.08                        1738.1                          4.08
2026-07-10T18:14:30.352000000Z                          29.8                          3.99                        1737.8                          3.99
2026-07-10T18:15:00.395000000Z                          29.8                          3.99                        1738.2                          3.99
2026-07-10T18:15:30.469000000Z                         524.7                          0.49                        1737.9                           0.2
2026-07-10T18:16:00.573000000Z                          29.8                          4.04                        1738.2                          4.04
2026-07-10T18:16:30.650000000Z                          29.8                          4.07                        1737.8                          4.07
2026-07-10T18:17:00.640000000Z                          29.8                          4.06                        1738.2                          4.06
2026-07-10T18:17:30.707000000Z                          29.8                          4.09                        1737.9                          4.09
2026-07-10T18:18:00.776000000Z                          29.8                          3.85                        1738.2                          3.85
2026-07-10T18:18:30.777000000Z                          29.8                          4.04                        1738.1                          4.04
2026-07-10T18:19:00.780000000Z                          29.8                          3.98                        1738.3                          3.98
2026-07-10T18:19:30.876000000Z                          29.8                          3.96                        1738.1                          3.96
2026-07-10T18:20:00.879000000Z                          29.8                          3.98                        1737.9                          3.98
2026-07-10T18:20:30.968000000Z                          29.8                          4.04                        1738.2                          4.04
2026-07-10T18:21:01.116000000Z                          29.8                          3.96                        1737.9                          3.96
2026-07-10T18:21:31.117000000Z                          29.8                          4.06                        1738.2                          4.06
2026-07-10T18:22:01.096000000Z                          29.8                          4.17                        1738.2                          4.17
2026-07-10T18:22:31.175000000Z                          29.8                          4.01                        1738.2                          4.01
2026-07-10T18:23:01.226000000Z                          29.8                          4.32                        1737.8                          4.32
2026-07-10T18:23:31.211000000Z                          29.8                          3.93                        1738.2                          3.93
2026-07-10T18:24:01.299000000Z                          29.8                          4.09                        1737.9                          4.09
2026-07-10T18:24:25.442000000Z                          29.8                          4.65                        1737.8                          4.65
2026-07-10T18:24:55.527000000Z                          29.8                          3.97                        1738.2                          3.97
2026-07-10T18:25:25.513000000Z                          29.8                          4.14                        1737.8                          4.14
2026-07-10T18:25:55.562000000Z                          29.8                           3.9                        1738.1                           3.9
2026-07-10T18:26:25.563000000Z                          29.8                          4.08                        1737.9                          4.08
2026-07-10T18:26:55.553000000Z                          29.8                          3.94                        1738.2                          3.94
2026-07-10T18:27:25.655000000Z                          29.8                          4.02                        1738.2                          4.02
2026-07-10T18:27:55.662000000Z                          29.8                             4                        1738.2                             4
2026-07-10T18:28:25.760000000Z                          29.8                          4.21                        1738.1                          4.21
2026-07-10T18:28:55.940000000Z                          29.8                             4                        1737.9                             4
2026-07-10T18:29:25.950000000Z                          29.8                          4.01                        1738.1                          4.01
2026-07-10T18:29:55.933000000Z                          29.8                          4.09                        1738.1                          4.09
2026-07-10T18:30:25.993000000Z                          29.8                          4.01                        1738.1                          4.01
2026-07-10T18:30:56.074000000Z                          29.8                          3.79                        1738.2                          3.79
2026-07-10T18:31:26.083000000Z                          29.8                          4.15                        1738.1                          4.15
2026-07-10T18:31:56.096000000Z                          29.8                          4.14                        1737.9                          4.14
2026-07-10T18:32:26.168000000Z                          29.8                          4.04                        1737.9                          4.04
2026-07-10T18:32:41.717000000Z                          29.8                          4.54                        1737.7                          4.54
2026-07-10T18:33:00.713000000Z                          29.8                           4.5                        1738.1                           4.5
2026-07-10T18:33:26.882000000Z                          29.8                           4.6                        1737.8                           4.6
2026-07-10T18:33:56.998000000Z                          29.8                          4.04                        1738.2                          4.04
2026-07-10T18:34:27.094000000Z                          29.8                          4.14                        1738.3                          4.14
2026-07-10T18:34:57.247000000Z                          29.8                          4.14                        1738.1                          4.14
2026-07-10T18:35:10.711000000Z                          29.8                          4.51                        1738.3                          4.51
2026-07-10T18:35:40.801000000Z                          29.8                          4.36                        1737.6                          4.36
2026-07-10T18:36:11.255000000Z                          29.8                          4.07                        1738.2                          4.07
2026-07-10T18:36:29.732000000Z                          29.8                          4.53                        1738.2                          4.53
2026-07-10T18:36:48.636000000Z                          29.8                          4.54                        1738.3                          4.54
2026-07-10T18:37:15.435000000Z                          29.8                          4.66                        1738.1                          4.66
2026-07-10T18:37:31.131000000Z                          29.8                           4.5                        1738.3                           4.5
2026-07-10T18:37:41.184000000Z                          29.8                          4.67                        1737.9                          4.67
2026-07-10T18:37:54.465000000Z                          29.8                          4.59                        1737.8                          4.59
2026-07-10T18:38:07.642000000Z                          29.8                          4.77                          1738                          4.77
2026-07-10T18:38:21.660000000Z                          29.8                           4.7                        1738.2                           4.7
2026-07-10T18:38:32.347000000Z                          29.8                          4.54                        1738.3                          4.54
2026-07-10T18:38:43.357000000Z                          29.8                          4.52                        1738.4                          4.52
2026-07-10T18:38:53.400000000Z                          29.8                          4.52                          1738                          4.52
2026-07-10T18:39:04.137000000Z                          29.8                          4.58                        1737.7                          4.58
2026-07-10T18:39:15.469000000Z                          29.8                          4.56                        1738.2                          4.56
2026-07-10T18:39:27.728000000Z                          29.8                          4.56                        1738.4                          4.56
2026-07-10T18:39:39.654000000Z                          29.8                          4.54                        1738.6                          4.54
2026-07-10T18:39:51.969000000Z                          29.8                          4.53                        1738.4                          4.53
2026-07-10T18:40:05.937000000Z                          29.8                          4.69                          1738                          4.69
2026-07-10T18:40:16.381000000Z                          29.8                          4.55                          1738                          4.55
2026-07-10T18:40:29.474000000Z                          29.8                          4.56                        1738.5                          4.56
2026-07-10T18:40:55.449000000Z                          29.8                          4.51                        1737.8                          4.51
2026-07-10T18:41:19.141000000Z                          29.8                          4.55                        1737.8                          4.55
2026-07-10T18:41:31.478000000Z                          29.8                           4.5                        1738.1                           4.5
2026-07-10T18:42:01.929000000Z                          29.8                          3.99                        1738.2                          3.99
2026-07-10T18:42:19.400000000Z                          29.8                          4.51                        1737.7                          4.51
2026-07-10T18:42:31.504000000Z                          29.8                          4.55                        1737.6                          4.55
2026-07-10T18:43:01.458000000Z                          29.8                          4.23                        1738.3                          4.23
2026-07-10T18:43:11.805000000Z                          29.8                           4.7                          1738                           4.7
2026-07-10T18:43:23.945000000Z                          29.8                          4.59                        1738.3                          4.59
2026-07-10T18:43:43.711000000Z                          29.8                          4.56                        1737.8                          4.56
2026-07-10T18:44:01.173000000Z                          29.8                           4.6                        1738.2                           4.6
2026-07-10T18:44:12.969000000Z                          29.8                          4.56                          1738                          4.56
2026-07-10T18:44:40.136000000Z                          29.8                          4.57                        1738.3                          4.57
2026-07-10T18:44:53.240000000Z                          29.8                          4.62                        1738.1                          4.62
2026-07-10T18:45:07.758000000Z                          29.8                          4.53                        1738.1                          4.53
2026-07-10T18:45:17.752000000Z                          29.8                          4.55                        1738.2                          4.55
2026-07-10T18:45:40.446000000Z                          29.8                          4.57                        1738.2                          4.57
2026-07-10T18:46:01.120000000Z                          29.8                          4.57                        1738.1                          4.57
2026-07-10T18:46:13.549000000Z                          29.8                          4.62                        1737.9                          4.62
2026-07-10T18:46:28.483000000Z                          29.8                          4.64                        1737.6                          4.64
2026-07-10T18:46:42.936000000Z                          29.8                          4.77                        1737.9                          4.77
2026-07-10T18:46:53.733000000Z                          29.8                           4.6                        1737.8                           4.6
2026-07-10T18:47:08.375000000Z                          29.8                          4.66                        1737.8                          4.66
2026-07-10T18:47:25.414000000Z                          29.8                          4.57                        1737.8                          4.57
2026-07-10T18:47:55.511000000Z                          29.8                          4.21                        1738.3                          4.21
2026-07-10T18:48:13.751000000Z                          29.8                          4.56                        1737.8                          4.56
2026-07-10T18:48:24.405000000Z                          29.8                          4.68                        1737.7                          4.68
2026-07-10T18:48:51.204000000Z                          29.8                          4.59                          1738                          4.59
2026-07-10T18:49:09.637000000Z                          29.8                           4.6                        1737.7                           4.6
2026-07-10T18:49:21.686000000Z                          29.8                          4.51                        1737.9                          4.51
2026-07-10T18:49:33.996000000Z                          29.8                          4.52                        1737.8                          4.52
2026-07-10T18:49:51.488000000Z                          29.8                           4.6                        1737.9                           4.6
2026-07-10T18:50:05.604000000Z                          29.8                           4.5                          1738                           4.5
2026-07-10T18:50:26.944000000Z                          29.8                           4.6                        1738.1                           4.6
2026-07-10T18:50:39.139000000Z                          29.8                          4.74                        1737.8                          4.74
2026-07-10T18:50:49.954000000Z                          29.8                          4.53                        1737.8                          4.53
2026-07-10T18:51:07.183000000Z                          29.8                          4.66                        1737.7                          4.66
2026-07-10T18:51:26.225000000Z                          29.8                          4.64                          1738                          4.64
2026-07-10T18:51:39.380000000Z                          29.8                           4.8                        1737.9                           4.8
2026-07-10T18:51:55.584000000Z                          29.8                          4.55                        1738.2                          4.55
2026-07-10T18:52:10.174000000Z                          29.8                          4.61                        1737.7                          4.61
2026-07-10T18:52:20.858000000Z                          29.8                          4.53                        1737.7                          4.53
2026-07-10T18:52:32.473000000Z                          29.8                          4.54                        1738.3                          4.54
2026-07-10T18:52:54.246000000Z                          29.8                          4.51                        1737.7                          4.51
2026-07-10T18:53:24.247000000Z                          29.8                          4.07                        1738.2                          4.07
2026-07-10T18:53:47.226000000Z                          29.8                          4.56                        1738.3                          4.56
2026-07-10T18:54:05.113000000Z                          29.8                          4.52                          1738                          4.52
2026-07-10T18:54:25.247000000Z                          29.8                           4.7                          1738                           4.7
2026-07-10T18:54:48.025000000Z                          29.8                          4.54                        1737.8                          4.54
2026-07-10T18:55:15.927000000Z                          29.8                          4.69                        1737.9                          4.69
2026-07-10T18:55:26.444000000Z                          29.8                          4.61                        1737.6                          4.61
2026-07-10T18:55:56.558000000Z                          29.8                             4                        1738.1                             4
2026-07-10T18:56:10.392000000Z                          29.8                          4.71                        1737.9                          4.71
2026-07-10T18:56:25.182000000Z                          29.8                          4.53                        1737.8                          4.53
2026-07-10T18:56:39.672000000Z                          29.8                          4.57                        1737.7                          4.57
2026-07-10T18:56:51.893000000Z                          29.8                          4.61                        1737.8                          4.61
2026-07-10T18:57:05.193000000Z                          29.8                          4.52                        1737.9                          4.52
2026-07-10T18:57:16.281000000Z                          29.8                          4.54                        1738.2                          4.54
2026-07-10T18:57:31.952000000Z                          29.8                           4.5                        1737.8                           4.5
2026-07-10T18:57:44.235000000Z                          29.8                          4.66                        1738.3                          4.66
2026-07-10T18:58:02.708000000Z                          29.8                          4.51                        1737.9                          4.51
2026-07-10T18:58:15.567000000Z                          29.8                          4.59                        1738.3                          4.59
2026-07-10T18:58:31.071000000Z                          29.8                          4.64                        1737.9                          4.64
2026-07-10T18:58:41.717000000Z                          29.8                          4.66                          1738                          4.66
2026-07-10T18:58:56.136000000Z                          29.8                          4.52                        1737.9                          4.52
2026-07-10T18:59:08.404000000Z                          29.8                          4.77                        1737.8                          4.77
2026-07-10T18:59:21.217000000Z                          29.8                          4.65                        1738.4                          4.65
2026-07-10T18:59:32.388000000Z                          29.8                          4.52                        1737.7                          4.52
2026-07-10T18:59:45.704000000Z                          29.8                           4.6                          1738                           4.6
2026-07-10T19:00:00.213000000Z                          29.8                          4.55                        1738.3                          4.55
2026-07-10T19:00:12.576000000Z                          29.8                          4.61                        1737.8                          4.61
2026-07-10T19:00:25.938000000Z                          29.8                           4.5                        1737.8                           4.5
2026-07-10T19:00:51.384000000Z                          29.8                          4.66                          1738                          4.66
2026-07-10T19:01:07.679000000Z                          29.8                          4.66                        1738.3                          4.66
2026-07-10T19:01:20.703000000Z                          29.8                          4.52                        1737.9                          4.52
2026-07-10T19:01:33.257000000Z                          29.8                          4.51                        1737.7                          4.51
2026-07-10T19:02:02.775000000Z                          29.8                          4.02                        1738.2                          4.02
2026-07-10T19:02:32.961000000Z                          29.8                          4.28                        1737.9                          4.28
2026-07-10T19:03:02.982000000Z                          29.8                          3.82                        1738.1                          3.82
2026-07-10T19:03:24.953000000Z                          29.8                          4.52                        1737.9                          4.52
2026-07-10T19:03:41.500000000Z                          29.8                          4.63                        1738.3                          4.63
2026-07-10T19:04:11.608000000Z                          29.8                           4.2                        1738.2                           4.2
2026-07-10T19:04:27.674000000Z                          29.8                          4.62                        1737.8                          4.62
2026-07-10T19:04:57.784000000Z                          29.8                          4.07                        1738.1                          4.07
2026-07-10T19:05:09.259000000Z                          29.8                          4.64                        1737.7                          4.64
2026-07-10T19:05:32.002000000Z                          29.8                           4.7                        1737.9                           4.7
2026-07-10T19:05:55.943000000Z                          29.8                          4.61                        1737.9                          4.61
2026-07-10T19:06:26.002000000Z                          29.8                          3.97                        1738.3                          3.97
2026-07-10T19:06:46.680000000Z                          29.8                          4.68                        1737.7                          4.68
2026-07-10T19:07:16.703000000Z                          29.8                             4                        1738.3                             4
2026-07-10T19:07:27.885000000Z                          29.8                          4.66                        1737.8                          4.66
2026-07-10T19:07:51.903000000Z                          29.8                          4.75                        1737.7                          4.75
2026-07-10T19:08:04.243000000Z                          29.8                          4.61                        1737.8                          4.61
2026-07-10T19:08:20.025000000Z                          29.8                          4.67                        1737.6                          4.67
2026-07-10T19:08:31.982000000Z                          29.8                          4.57                        1737.8                          4.57
2026-07-10T19:08:45.482000000Z                          29.8                          4.54                        1737.9                          4.54
2026-07-10T19:08:58.706000000Z                          29.8                          4.53                        1737.8                          4.53
2026-07-10T19:09:16.219000000Z                          29.8                          4.57                        1737.9                          4.57
2026-07-10T19:09:28.253000000Z                          29.8                          4.52                        1737.7                          4.52
2026-07-10T19:09:43.411000000Z                          29.8                          4.57                        1738.3                          4.57
2026-07-10T19:09:54.968000000Z                          29.8                          4.58                        1737.9                          4.58
2026-07-10T19:10:14.455000000Z                          29.8                          4.53                        1738.1                          4.53
2026-07-10T19:10:44.194000000Z                          29.8                          4.82                        1737.6                          4.82
2026-07-10T19:10:55.618000000Z                          29.8                          4.51                          1738                          4.51
2026-07-10T19:11:16.439000000Z                          29.8                          4.58                        1738.2                          4.58
2026-07-10T19:11:29.454000000Z                          29.8                          4.51                        1737.7                          4.51
2026-07-10T19:11:40.185000000Z                          29.8                          4.53                        1737.8                          4.53
2026-07-10T19:11:52.754000000Z                          29.8                          4.54                        1738.2                          4.54
2026-07-10T19:12:11.177000000Z                          29.8                          4.78                        1737.7                          4.78
2026-07-10T19:12:25.734000000Z                          29.8                          4.54                        1737.7                          4.54
2026-07-10T19:12:55.280000000Z                          29.8                           4.6                        1738.2                           4.6
2026-07-10T19:13:07.407000000Z                          29.8                          4.64                          1738                          4.64
2026-07-10T19:13:35.531000000Z                          29.8                          4.51                        1738.1                          4.51
2026-07-10T19:13:58.113000000Z                          29.8                          4.64                        1737.9                          4.64
2026-07-10T19:14:11.743000000Z                          29.8                          4.51                          1738                          4.51
2026-07-10T19:14:34.445000000Z                          29.8                          4.56                        1737.9                          4.56
2026-07-10T19:14:55.536000000Z                          29.8                          4.54                        1738.4                          4.54
2026-07-10T19:15:10.640000000Z                          29.8                          4.59                        1738.2                          4.59
2026-07-10T19:15:40.737000000Z                          29.8                          4.07                        1737.9                          4.07
2026-07-10T19:16:10.766000000Z                          29.8                          4.17                        1737.9                          4.17
2026-07-10T19:16:30.397000000Z                          29.8                          4.51                        1737.8                          4.51
2026-07-10T19:17:00.559000000Z                          29.8                          4.02                        1738.2                          4.02
2026-07-10T19:17:30.521000000Z                          29.8                          4.21                          1738                          4.21
2026-07-10T19:18:00.624000000Z                          29.8                          4.02                        1738.1                          4.02
2026-07-10T19:18:30.587000000Z                          29.8                          4.15                        1738.1                          4.15
2026-07-10T19:19:00.696000000Z                          29.8                          4.05                        1738.2                          4.05
2026-07-10T19:19:30.686000000Z                          29.8                          4.31                        1737.8                          4.31
2026-07-10T19:19:50.925000000Z                          29.8                          4.54                        1737.9                          4.54
2026-07-10T19:20:21.053000000Z                          29.8                          3.98                        1738.2                          3.98
2026-07-10T19:20:48.033000000Z                          29.8                          4.55                        1737.9                          4.55
2026-07-10T19:21:00.129000000Z                          29.8                          4.52                        1737.8                          4.52
2026-07-10T19:21:19.929000000Z                          29.8                          4.53                          1738                          4.53
2026-07-10T19:21:41.786000000Z                          29.8                          4.55                        1738.2                          4.55
2026-07-10T19:21:53.463000000Z                          29.8                          4.56                        1737.9                          4.56
2026-07-10T19:22:04.425000000Z                          29.8                          4.57                        1738.1                          4.57
2026-07-10T19:22:29.390000000Z                          29.8                          4.58                        1737.8                          4.58
2026-07-10T19:22:40.262000000Z                          29.8                          4.56                        1737.8                          4.56
2026-07-10T19:23:00.201000000Z                          29.8                          4.51                        1737.7                          4.51
2026-07-10T19:23:16.111000000Z                          29.8                          4.57                        1737.9                          4.57
2026-07-10T19:23:36.442000000Z                          29.8                           4.5                        1738.1                           4.5
2026-07-10T19:24:06.575000000Z                          29.8                          4.12                        1737.9                          4.12
2026-07-10T19:24:36.493000000Z                          29.8                          4.37                          1738                          4.37
2026-07-10T19:24:47.281000000Z                          29.8                          4.51                        1738.3                          4.51
2026-07-10T19:25:08.229000000Z                          29.8                          4.57                        1737.7                          4.57
2026-07-10T19:25:38.264000000Z                          29.8                          4.05                        1738.1                          4.05
2026-07-10T19:26:08.339000000Z                          29.8                          4.11                        1737.9                          4.11
2026-07-10T19:26:38.319000000Z                          29.8                           4.1                        1738.3                           4.1
2026-07-10T19:27:08.375000000Z                          29.8                          4.17                        1737.8                          4.17
2026-07-10T19:27:38.496000000Z                          29.8                          4.22                          1738                          4.22
2026-07-10T19:28:08.474000000Z                          29.8                          4.03                        1738.3                          4.03
2026-07-10T19:28:38.509000000Z                          29.8                          4.09                        1737.6                          4.09
2026-07-10T19:29:08.528000000Z                          29.8                          4.06                        1737.9                          4.06
2026-07-10T19:29:38.530000000Z                          29.8                           4.3                        1737.8                           4.3
2026-07-10T19:30:08.637000000Z                          29.8                          4.28                        1738.2                          4.28
2026-07-10T19:30:38.632000000Z                          29.8                          4.46                          1738                          4.46
2026-07-10T19:31:08.705000000Z                          29.8                          4.04                        1738.2                          4.04
2026-07-10T19:31:38.779000000Z                          29.8                          4.24                        1737.9                          4.24
2026-07-10T19:32:08.867000000Z                          29.8                          4.08                        1738.2                          4.08
2026-07-10T19:32:38.943000000Z                          29.8                          4.08                        1738.2                          4.08
2026-07-10T19:32:55.704000000Z                          29.8                          4.63                        1737.7                          4.63
2026-07-10T19:33:12.930000000Z                          29.8                          4.56                        1737.7                          4.56
2026-07-10T19:33:23.709000000Z                          29.8                          4.53                        1737.7                          4.53
2026-07-10T19:33:35.797000000Z                          29.8                          4.56                        1737.8                          4.56
2026-07-10T19:33:55.157000000Z                          29.8                          4.55                        1738.1                          4.55
2026-07-10T19:34:25.239000000Z                          29.8                          4.35                        1738.3                          4.35
2026-07-10T19:34:55.288000000Z                          29.8                          4.21                        1738.2                          4.21
2026-07-10T19:35:25.297000000Z                          29.8                          4.17                        1737.9                          4.17
2026-07-10T19:35:55.488000000Z                          29.8                          4.12                        1738.3                          4.12
2026-07-10T19:36:25.481000000Z                          29.8                          4.01                        1738.3                          4.01
2026-07-10T19:36:55.535000000Z                          29.8                          4.19                        1737.8                          4.19
2026-07-10T19:37:25.540000000Z                          29.8                          4.08                        1738.1                          4.08
2026-07-10T19:37:55.615000000Z                          29.8                          4.13                        1737.8                          4.13
2026-07-10T19:38:25.640000000Z                          29.8                             4                        1738.1                             4
2026-07-10T19:38:55.671000000Z                          29.8                          3.88                        1737.8                          3.88
2026-07-10T19:39:25.755000000Z                          29.8                          4.07                        1737.8                          4.07
2026-07-10T19:39:55.808000000Z                          29.8                          4.15                        1737.8                          4.15
2026-07-10T19:40:25.814000000Z                          29.8                          3.94                          1738                          3.94
2026-07-10T19:40:55.887000000Z                          29.8                          4.03                        1737.8                          4.03
2026-07-10T19:41:25.982000000Z                          29.8                          4.08                        1737.7                          4.08
2026-07-10T19:41:55.996000000Z                          29.8                          3.81                        1738.1                          3.81
2026-07-10T19:42:26.000000000Z                          29.8                          4.09                          1738                          4.09
2026-07-10T19:42:56.093000000Z                          29.8                          3.95                        1737.9                          3.95
2026-07-10T19:43:26.126000000Z                          29.8                          3.94                        1738.1                          3.94
2026-07-10T19:43:56.183000000Z                          29.8                          3.98                        1738.2                          3.98
2026-07-10T19:44:26.250000000Z                          29.8                          4.16                        1737.7                          4.16
2026-07-10T19:44:56.192000000Z                          29.8                          4.01                        1738.1                          4.01
2026-07-10T19:45:26.301000000Z                          29.8                           4.1                        1738.2                           4.1
2026-07-10T19:45:56.373000000Z                          29.8                          4.16                        1737.7                          4.16
2026-07-10T19:46:26.468000000Z                          29.8                          4.13                        1738.2                          4.13
2026-07-10T19:46:56.439000000Z                          29.8                          4.01                        1738.3                          4.01
2026-07-10T19:47:26.436000000Z                          29.8                             4                        1738.2                             4
2026-07-10T19:47:56.572000000Z                          29.8                          3.98                        1738.1                          3.98
2026-07-10T19:48:26.655000000Z                          29.8                          4.09                        1737.4                          4.09
2026-07-10T19:48:56.672000000Z                          29.8                          4.08                        1737.7                          4.08
2026-07-10T19:49:26.761000000Z                          29.8                          4.02                        1738.2                          4.02
2026-07-10T19:49:56.799000000Z                          29.8                          4.28                        1737.8                          4.28
2026-07-10T19:50:26.970000000Z                          29.8                          4.19                        1737.7                          4.19
2026-07-10T19:50:56.997000000Z                          29.8                          4.04                        1737.8                          4.04
2026-07-10T19:51:13.443000000Z                          29.8                          4.56                        1737.8                          4.56
2026-07-10T19:51:43.516000000Z                          29.8                          4.15                        1737.9                          4.15
2026-07-10T19:52:13.514000000Z                          29.8                          4.14                        1737.7                          4.14
2026-07-10T19:52:43.500000000Z                          29.8                          4.05                        1738.3                          4.05
2026-07-10T19:53:13.533000000Z                          29.8                          4.22                        1738.1                          4.22
2026-07-10T19:53:34.209000000Z                          29.8                          4.52                          1738                          4.52
2026-07-10T19:54:04.196000000Z                          29.8                           3.9                        1738.1                           3.9
2026-07-10T19:54:34.331000000Z                          29.8                          4.17                          1738                          4.17
2026-07-10T19:54:46.403000000Z                          29.8                          4.53                        1738.1                          4.53
2026-07-10T19:55:16.379000000Z                          29.8                          4.08                        1737.7                          4.08
2026-07-10T19:55:46.339000000Z                          29.8                          4.01                        1738.1                          4.01
2026-07-10T19:56:16.401000000Z                          29.8                          4.11                        1737.6                          4.11
2026-07-10T19:56:46.397000000Z                          29.8                          4.12                        1737.7                          4.12
2026-07-10T19:57:16.490000000Z                          29.8                          4.12                        1737.9                          4.12
2026-07-10T19:57:46.574000000Z                          29.8                          4.27                        1737.7                          4.27
2026-07-10T19:58:16.600000000Z                          29.8                           4.1                          1738                           4.1
2026-07-10T19:58:46.611000000Z                          29.8                          4.04                        1738.1                          4.04
2026-07-10T19:59:16.624000000Z                          29.8                          4.19                        1737.6                          4.19
2026-07-10T19:59:28.526000000Z                          29.8                          4.55                        1737.7                          4.55
2026-07-10T19:59:58.596000000Z                          29.8                           4.1                        1737.9                           4.1
2026-07-10T20:00:28.694000000Z                          29.8                          4.14                        1737.9                          4.14
2026-07-10T20:00:58.708000000Z                          29.8                          4.18                        1737.6                          4.18
2026-07-10T20:01:28.736000000Z                          29.8                          4.05                        1738.2                          4.05
2026-07-10T20:01:58.743000000Z                          29.8                          4.18                          1738                          4.18
2026-07-10T20:02:28.734000000Z                          29.8                          4.16                        1737.8                          4.16
2026-07-10T20:02:58.798000000Z                          29.8                          4.07                        1737.9                          4.07
2026-07-10T20:03:28.852000000Z                          29.8                           4.3                        1737.7                           4.3
2026-07-10T20:03:58.884000000Z                          29.8                          4.21                        1738.1                          4.21
2026-07-10T20:04:28.877000000Z                          29.8                          3.95                        1737.8                          3.95
2026-07-10T20:04:59.003000000Z                          29.8                          4.15                        1738.1                          4.15
2026-07-10T20:05:29.090000000Z                          29.8                          4.08                          1738                          4.08
2026-07-10T20:05:59.042000000Z                          29.8                          3.99                        1737.9                          3.99
2026-07-10T20:06:29.116000000Z                          29.8                          4.14                        1737.8                          4.14
2026-07-10T20:06:59.162000000Z                          29.8                          4.27                        1737.5                          4.27
2026-07-10T20:07:29.240000000Z                          29.8                          4.04                        1738.1                          4.04
2026-07-10T20:07:59.267000000Z                          29.8                          4.09                        1738.1                          4.09
2026-07-10T20:08:29.361000000Z                          29.8                          4.25                        1737.7                          4.25
2026-07-10T20:08:59.498000000Z                          29.8                          4.18                        1737.8                          4.18
2026-07-10T20:09:29.431000000Z                          29.8                          3.99                          1738                          3.99
2026-07-10T20:09:59.507000000Z                          29.8                          4.09                          1738                          4.09
2026-07-10T20:10:29.495000000Z                          29.8                          4.21                        1737.9                          4.21
2026-07-10T20:10:56.275000000Z                          29.8                           4.5                        1737.6                           4.5
2026-07-10T20:11:26.319000000Z                          29.8                          4.09                        1737.8                          4.09
2026-07-10T20:11:48.912000000Z                          29.8                          4.58                        1737.6                          4.58
2026-07-10T20:12:18.977000000Z                          29.8                          4.06                        1737.8                          4.06
2026-07-10T20:12:49.109000000Z                          29.8                          4.09                        1738.1                          4.09
2026-07-10T20:13:19.076000000Z                          29.8                          4.21                        1737.5                          4.21
2026-07-10T20:13:49.059000000Z                          29.8                          4.14                        1737.9                          4.14
2026-07-10T20:14:19.202000000Z                          29.8                          3.97                        1738.1                          3.97
2026-07-10T20:14:49.188000000Z                          29.8                          4.05                        1737.8                          4.05
2026-07-10T20:15:19.213000000Z                          29.8                          4.36                        1737.6                          4.36
2026-07-10T20:15:49.309000000Z                          29.8                          4.07                        1737.7                          4.07
2026-07-10T20:16:19.319000000Z                          29.8                          3.97                        1737.9                          3.97
2026-07-10T20:16:49.799000000Z                          29.8                           4.2                        1738.2                           4.2
2026-07-10T20:17:19.772000000Z                          29.8                          4.22                        1737.8                          4.22
2026-07-10T20:17:50.797000000Z                          29.8                          3.89                        1737.9                          3.89
2026-07-10T20:18:19.831000000Z                          29.8                          4.09                          1738                          4.09
2026-07-10T20:18:49.904000000Z                          29.8                             4                        1737.9                             4
2026-07-10T20:19:19.985000000Z                          29.8                          4.15                        1737.9                          4.15
2026-07-10T20:19:50.881000000Z                          29.8                          4.05                        1737.9                          4.05
2026-07-10T20:20:20.952000000Z                          29.8                          4.02                        1738.2                          4.02
2026-07-10T20:20:50.939000000Z                          29.8                          4.05                        1737.9                          4.05
2026-07-10T20:21:19.741000000Z                          29.8                          4.53                        1737.5                          4.53
2026-07-10T20:21:49.892000000Z                          29.8                          4.23                        1737.8                          4.23
2026-07-10T20:22:19.936000000Z                          29.8                          4.09                        1737.7                          4.09
2026-07-10T20:22:49.954000000Z                          29.8                          4.06                          1738                          4.06
2026-07-10T20:23:19.929000000Z                          29.8                          4.31                        1737.7                          4.31
2026-07-10T20:23:50.931000000Z                          29.8                          4.04                          1738                          4.04
2026-07-10T20:24:21.000000000Z                          29.8                          4.01                        1737.9                          4.01
2026-07-10T20:24:50.983000000Z                          29.8                           4.1                        1737.6                           4.1
2026-07-10T20:25:17.329000000Z                          29.8                          4.64                        1737.5                          4.64
2026-07-10T20:25:47.403000000Z                          29.8                          4.09                          1738                          4.09
2026-07-10T20:26:03.533000000Z                          29.8                          4.53                        1737.4                          4.53
2026-07-10T20:26:33.589000000Z                          29.8                          4.09                        1738.1                          4.09
2026-07-10T20:27:03.593000000Z                          29.8                          3.95                          1738                          3.95
2026-07-10T20:27:32.306000000Z                          29.8                          4.55                        1737.8                          4.55
2026-07-10T20:28:02.334000000Z                          29.8                          4.29                        1737.5                          4.29
2026-07-10T20:28:32.388000000Z                          29.8                          3.89                        1737.9                          3.89
2026-07-10T20:29:02.485000000Z                          29.8                          3.99                        1737.8                          3.99
2026-07-10T20:29:32.559000000Z                          29.8                          3.86                        1737.8                          3.86
2026-07-10T20:30:02.703000000Z                          29.8                          4.16                        1737.9                          4.16
2026-07-10T20:30:32.604000000Z                          29.8                          4.07                        1737.6                          4.07
2026-07-10T20:31:02.709000000Z                          29.8                          3.98                        1737.7                          3.98
2026-07-10T20:31:32.798000000Z                          29.8                          4.07                        1737.6                          4.07
2026-07-10T20:32:02.798000000Z                          29.8                          3.93                          1738                          3.93
2026-07-10T20:32:32.873000000Z                          29.8                          4.09                        1737.9                          4.09
2026-07-10T20:33:02.977000000Z                          29.8                          3.99                        1737.9                          3.99
2026-07-10T20:33:33.046000000Z                          29.8                          4.22                        1737.7                          4.22
2026-07-10T20:34:03.178000000Z                          29.8                          4.11                        1737.6                          4.11
2026-07-10T20:34:33.329000000Z                          29.8                          3.97                        1738.1                          3.97
2026-07-10T20:35:03.259000000Z                          29.8                           3.9                        1737.7                           3.9
2026-07-10T20:35:33.238000000Z                          29.8                          3.97                        1738.3                          3.97
2026-07-10T20:36:03.298000000Z                          29.8                          4.12                        1737.6                          4.12
2026-07-10T20:36:33.366000000Z                          29.8                          4.09                        1737.6                          4.09
2026-07-10T20:37:03.403000000Z                          29.8                          3.87                        1737.7                          3.87
2026-07-10T20:37:33.468000000Z                          29.8                          4.06                        1737.9                          4.06
2026-07-10T20:38:03.477000000Z                          29.8                          3.98                        1738.1                          3.98
2026-07-10T20:38:33.574000000Z                          29.8                          4.19                        1737.5                          4.19
2026-07-10T20:39:03.593000000Z                          29.8                          3.89                        1737.8                          3.89
2026-07-10T20:39:33.666000000Z                          29.8                          3.88                        1737.9                          3.88
2026-07-10T20:40:03.833000000Z                          29.8                          3.94                        1737.7                          3.94
2026-07-10T20:40:33.727000000Z                          29.8                          3.99                        1737.7                          3.99
2026-07-10T20:41:03.801000000Z                          29.8                          4.06                        1737.2                          4.06
2026-07-10T20:41:33.878000000Z                          29.8                          3.99                        1737.5                          3.99
2026-07-10T20:42:03.903000000Z                          29.8                          3.86                        1738.1                          3.86
2026-07-10T20:42:33.988000000Z                          29.8                          3.93                          1738                          3.93
2026-07-10T20:43:04.036000000Z                          29.8                          4.13                        1737.6                          4.13
2026-07-10T20:43:34.048000000Z                          29.8                          4.12                        1737.5                          4.12
2026-07-10T20:44:04.138000000Z                          29.8                          4.18                        1737.5                          4.18
2026-07-10T20:44:34.214000000Z                          29.8                          4.02                          1738                          4.02
2026-07-10T20:45:04.150000000Z                          29.8                          4.02                        1737.9                          4.02
2026-07-10T20:45:34.256000000Z                          29.8                             4                        1738.1                             4
2026-07-10T20:46:04.319000000Z                          29.8                          4.19                        1737.4                          4.19
2026-07-10T20:46:34.408000000Z                         524.7                          0.55                        1737.7                          0.19
2026-07-10T20:47:04.443000000Z                          29.8                          4.14                        1737.9                          4.14
2026-07-10T20:47:34.539000000Z                          29.8                          4.01                        1737.9                          4.01
2026-07-10T20:48:04.542000000Z                          29.8                          4.18                        1737.6                          4.18
2026-07-10T20:48:34.660000000Z                          29.8                          4.11                        1737.7                          4.11
2026-07-10T20:49:04.776000000Z                          29.8                          4.11                        1737.9                          4.11
2026-07-10T20:49:34.874000000Z                          29.8                          3.87                        1738.1                          3.87
2026-07-10T20:50:04.857000000Z                          29.8                          4.09                        1737.9                          4.09
2026-07-10T20:50:34.950000000Z                          29.8                          4.24                        1737.7                          4.24
2026-07-10T20:51:04.968000000Z                          29.8                          4.02                        1737.8                          4.02
2026-07-10T20:51:16.025000000Z                          29.8                           4.5                        1737.6                           4.5
2026-07-10T20:51:46.074000000Z                          29.8                          4.07                        1737.6                          4.07
2026-07-10T20:52:16.177000000Z                          29.8                          3.94                        1738.2                          3.94
2026-07-10T20:52:46.236000000Z                          29.8                          4.03                        1737.9                          4.03
2026-07-10T20:53:16.258000000Z                          29.8                          3.98                        1737.8                          3.98
2026-07-10T20:53:46.262000000Z                          29.8                           4.1                        1737.6                           4.1
2026-07-10T20:54:16.256000000Z                          29.8                          3.89                        1737.9                          3.89
2026-07-10T20:54:46.350000000Z                          29.8                          3.81                        1737.6                          3.81
2026-07-10T20:55:16.357000000Z                          29.8                          4.11                          1738                          4.11
2026-07-10T20:55:46.351000000Z                          29.8                          4.13                        1737.8                          4.13
2026-07-10T20:56:16.349000000Z                          29.8                          4.22                        1737.6                          4.22
2026-07-10T20:56:46.466000000Z                          29.8                          4.19                        1737.5                          4.19
2026-07-10T20:57:16.519000000Z                          29.8                          3.92                          1738                          3.92
2026-07-10T20:57:46.626000000Z                          29.8                          4.16                          1738                          4.16
2026-07-10T20:58:16.646000000Z                          29.8                          4.06                        1737.8                          4.06
2026-07-10T20:58:46.730000000Z                          29.8                          4.02                        1737.5                          4.02
2026-07-10T20:59:16.685000000Z                          29.8                          4.22                        1737.6                          4.22
2026-07-10T20:59:46.763000000Z                          29.8                          3.92                        1737.8                          3.92
2026-07-10T21:00:16.801000000Z                          29.8                             4                        1737.9                             4
2026-07-10T21:00:46.785000000Z                          29.8                          4.09                        1737.8                          4.09
2026-07-10T21:01:16.952000000Z                          29.8                          4.27                        1737.5                          4.27
2026-07-10T21:01:46.950000000Z                          29.8                          4.14                        1737.3                          4.14
2026-07-10T21:02:17.018000000Z                          29.8                          3.97                        1738.1                          3.97
2026-07-10T21:02:47.136000000Z                          29.8                          4.02                        1737.9                          4.02
2026-07-10T21:03:17.140000000Z                          29.8                          3.99                        1737.8                          3.99
2026-07-10T21:03:47.241000000Z                          29.8                          4.33                        1737.5                          4.33
2026-07-10T21:04:17.198000000Z                          29.8                           3.9                        1737.9                           3.9
2026-07-10T21:04:47.175000000Z                          29.8                          3.97                          1738                          3.97
2026-07-10T21:05:17.335000000Z                          29.8                          3.79                        1737.9                          3.79
2026-07-10T21:05:47.348000000Z                          29.8                          3.87                        1737.8                          3.87
2026-07-10T21:06:17.348000000Z                          29.8                          4.09                        1737.6                          4.09
2026-07-10T21:06:47.372000000Z                          29.8                             4                        1737.5                             4
2026-07-10T21:07:17.451000000Z                          29.8                          3.82                          1738                          3.82
2026-07-10T21:07:47.532000000Z                          29.8                          3.89                        1737.8                          3.89
2026-07-10T21:08:17.555000000Z                          29.8                          3.88                        1737.6                          3.88
2026-07-10T21:08:47.604000000Z                          29.8                          4.01                          1738                          4.01
2026-07-10T21:09:17.680000000Z                          29.8                          4.25                        1737.6                          4.25
2026-07-10T21:09:47.672000000Z                          29.8                           4.1                        1737.3                           4.1
2026-07-10T21:10:17.793000000Z                          29.8                          4.12                        1737.2                          4.12
2026-07-10T21:10:47.776000000Z                          29.8                          4.04                        1737.4                          4.04
2026-07-10T21:11:17.880000000Z                          29.8                          3.97                        1737.5                          3.97
2026-07-10T21:11:47.867000000Z                          29.8                          3.92                        1737.7                          3.92
2026-07-10T21:11:58.993000000Z                          29.8                          4.58                        1737.1                          4.58
2026-07-10T21:12:29.102000000Z                          29.8                          3.96                        1737.1                          3.96
2026-07-10T21:12:59.117000000Z                          29.8                          3.89                        1737.7                          3.89
2026-07-10T21:13:29.063000000Z                          29.8                          3.95                        1737.8                          3.95
2026-07-10T21:13:59.195000000Z                          29.8                           3.9                        1737.8                           3.9
2026-07-10T21:14:29.110000000Z                          29.8                          3.97                        1737.6                          3.97
2026-07-10T21:14:59.184000000Z                          29.8                          4.06                        1737.4                          4.06
2026-07-10T21:15:29.199000000Z                          29.8                          4.16                        1737.6                          4.16
2026-07-10T21:15:59.397000000Z                          29.8                          3.92                        1737.5                          3.92
2026-07-10T21:16:29.392000000Z                          29.8                          3.88                        1737.9                          3.88
2026-07-10T21:16:59.539000000Z                          29.8                          3.84                        1737.8                          3.84
2026-07-10T21:17:29.468000000Z                          29.8                          3.82                        1737.8                          3.82
2026-07-10T21:17:59.529000000Z                          29.8                          3.88                        1737.9                          3.88
2026-07-10T21:18:29.523000000Z                          29.8                             4                        1737.7                             4
2026-07-10T21:18:59.658000000Z                          29.8                           4.1                        1737.3                           4.1
2026-07-10T21:19:29.664000000Z                          29.8                          3.99                        1737.8                          3.99
2026-07-10T21:19:59.739000000Z                          29.8                          3.95                        1737.7                          3.95
2026-07-10T21:20:29.748000000Z                          29.8                          3.99                        1737.9                          3.99
2026-07-10T21:20:59.697000000Z                          29.8                          3.97                        1737.6                          3.97
2026-07-10T21:21:29.681000000Z                          29.8                          4.19                        1737.6                          4.19
2026-07-10T21:21:59.720000000Z                          29.8                          4.05                        1737.6                          4.05
2026-07-10T21:22:29.837000000Z                          29.8                          4.11                        1737.3                          4.11
2026-07-10T21:22:59.881000000Z                          29.8                          4.18                        1737.4                          4.18
2026-07-10T21:23:29.967000000Z                          29.8                          4.11                        1737.6                          4.11
2026-07-10T21:23:59.982000000Z                          29.8                          4.09                        1737.8                          4.09
2026-07-10T21:24:30.097000000Z                          29.8                          4.02                        1737.7                          4.02
2026-07-10T21:25:00.244000000Z                          29.8                          4.07                        1737.7                          4.07
2026-07-10T21:25:30.244000000Z                          29.8                          3.94                        1737.8                          3.94
2026-07-10T21:26:00.286000000Z                          29.8                           3.9                        1737.9                           3.9
2026-07-10T21:26:30.314000000Z                          29.8                          3.94                        1737.9                          3.94
2026-07-10T21:27:00.347000000Z                          29.8                          4.11                        1737.5                          4.11
2026-07-10T21:27:30.348000000Z                          29.8                          3.96                        1737.6                          3.96
2026-07-10T21:28:00.466000000Z                          29.8                          4.15                        1737.8                          4.15
2026-07-10T21:28:30.491000000Z                          29.8                             4                        1737.8                             4
2026-07-10T21:29:00.511000000Z                          29.8                          4.15                        1737.6                          4.15
2026-07-10T21:29:30.582000000Z                          29.8                          3.86                        1737.8                          3.86
2026-07-10T21:30:00.693000000Z                          29.8                          3.89                        1737.5                          3.89
2026-07-10T21:30:30.742000000Z                          29.8                          4.09                        1737.9                          4.09
2026-07-10T21:31:00.810000000Z                          29.8                          4.04                        1737.5                          4.04
2026-07-10T21:31:30.786000000Z                          29.8                          4.12                        1737.9                          4.12
2026-07-10T21:32:00.888000000Z                          29.8                          4.18                        1737.8                          4.18
2026-07-10T21:32:30.974000000Z                          29.8                          4.01                        1737.6                          4.01
2026-07-10T21:33:01.082000000Z                          29.8                          3.87                        1737.8                          3.87
2026-07-10T21:33:31.147000000Z                          29.8                          4.08                        1737.6                          4.08
2026-07-10T21:34:01.114000000Z                          29.8                          4.08                        1737.3                          4.08
2026-07-10T21:34:31.199000000Z                          29.8                          4.24                        1737.5                          4.24
2026-07-10T21:35:01.300000000Z                          29.8                          4.03                        1737.6                          4.03
2026-07-10T21:35:31.296000000Z                          29.8                          4.21                        1737.6                          4.21
2026-07-10T21:36:01.328000000Z                          29.8                          4.08                        1737.7                          4.08
2026-07-10T21:36:31.400000000Z                          29.8                          3.91                        1738.1                          3.91
2026-07-10T21:37:01.482000000Z                          29.8                          4.05                        1737.7                          4.05
2026-07-10T21:37:31.606000000Z                          29.8                          4.13                        1737.6                          4.13
2026-07-10T21:38:01.719000000Z                          29.8                          3.96                        1737.8                          3.96
2026-07-10T21:38:31.737000000Z                          29.8                          3.95                          1738                          3.95
2026-07-10T21:39:01.815000000Z                          29.8                          3.91                        1737.8                          3.91
2026-07-10T21:39:31.879000000Z                          29.8                          3.97                          1738                          3.97
2026-07-10T21:40:01.928000000Z                          29.8                          3.94                        1737.9                          3.94
2026-07-10T21:40:32.025000000Z                          29.8                          4.03                        1737.8                          4.03
2026-07-10T21:41:02.142000000Z                          29.8                          4.06                        1737.9                          4.06
2026-07-10T21:41:32.129000000Z                          29.8                          4.14                        1737.8                          4.14
2026-07-10T21:42:02.157000000Z                          29.8                          4.16                        1737.5                          4.16
2026-07-10T21:42:31.320000000Z                          29.8                          4.56                        1737.3                          4.56
2026-07-10T21:43:01.348000000Z                          29.8                           4.1                        1737.5                           4.1
2026-07-10T21:43:31.461000000Z                          29.8                          3.88                        1737.9                          3.88
2026-07-10T21:44:01.441000000Z                          29.8                             4                        1737.9                             4
2026-07-10T21:44:31.505000000Z                          29.8                          3.87                        1737.9                          3.87
2026-07-10T21:45:01.612000000Z                          29.8                          4.09                        1737.7                          4.09
2026-07-10T21:45:31.682000000Z                          29.8                          4.26                        1737.5                          4.26
2026-07-10T21:45:44.873000000Z                          29.8                           4.5                        1737.5                           4.5
2026-07-10T21:46:14.916000000Z                          29.8                          4.03                        1737.8                          4.03
2026-07-10T21:46:45.006000000Z                          29.8                          4.06                        1737.9                          4.06
2026-07-10T21:47:15.101000000Z                          29.8                          4.03                        1737.8                          4.03
2026-07-10T21:47:45.174000000Z                          29.8                             4                        1737.7                             4
2026-07-10T21:48:15.235000000Z                          29.8                          4.38                        1737.4                          4.38
2026-07-10T21:48:45.232000000Z                          29.8                          4.22                        1737.3                          4.22
2026-07-10T21:49:15.230000000Z                          29.8                          4.24                        1737.5                          4.24
2026-07-10T21:49:45.321000000Z                          29.8                          3.85                        1737.8                          3.85
2026-07-10T21:50:15.324000000Z                          29.8                          4.01                        1737.8                          4.01
2026-07-10T21:50:45.316000000Z                          29.8                          4.28                        1737.6                          4.28
2026-07-10T21:51:15.414000000Z                          29.8                          4.28                        1737.5                          4.28
2026-07-10T21:51:45.417000000Z                          29.8                          4.01                        1737.8                          4.01
2026-07-10T21:52:15.508000000Z                          29.8                          4.05                        1738.1                          4.05
2026-07-10T21:52:45.605000000Z                          29.8                             4                          1738                             4
2026-07-10T21:53:15.707000000Z                          29.8                          4.07                        1737.9                          4.07
2026-07-10T21:53:45.772000000Z                          29.8                          4.02                        1737.5                          4.02
2026-07-10T21:54:15.802000000Z                          29.8                          4.33                        1737.4                          4.33
2026-07-10T21:54:45.867000000Z                          29.8                          4.12                        1737.6                          4.12
2026-07-10T21:55:15.937000000Z                          29.8                          3.84                        1737.7                          3.84
2026-07-10T21:55:45.976000000Z                          29.8                          4.04                        1737.8                          4.04
2026-07-10T21:56:16.176000000Z                          29.8                          3.87                        1737.8                          3.87
2026-07-10T21:56:46.233000000Z                          29.8                          4.21                        1737.6                          4.21
2026-07-10T21:57:16.242000000Z                          29.8                          4.24                        1737.3                          4.24
2026-07-10T21:57:46.247000000Z                          29.8                          3.95                        1737.7                          3.95
2026-07-10T21:58:16.317000000Z                          29.8                          4.19                        1737.9                          4.19
2026-07-10T21:58:46.349000000Z                          29.8                          3.89                        1737.9                          3.89
2026-07-10T21:59:16.394000000Z                          29.8                          4.19                        1737.7                          4.19
2026-07-10T21:59:46.416000000Z                          29.8                          4.26                        1737.4                          4.26
2026-07-10T22:00:16.614000000Z                          29.8                          4.14                        1737.8                          4.14
2026-07-10T22:00:46.511000000Z                          29.8                          4.36                        1737.8                          4.36
2026-07-10T22:01:00.100000000Z                          29.8                          4.52                        1737.4                          4.52
2026-07-10T22:01:30.108000000Z                          29.8                          4.16                        1737.8                          4.16
2026-07-10T22:02:00.120000000Z                          29.8                          4.07                        1737.8                          4.07
2026-07-10T22:02:30.197000000Z                          29.8                          4.18                        1737.9                          4.18
2026-07-10T22:03:00.277000000Z                          29.8                          4.06                        1737.5                          4.06
2026-07-10T22:03:30.266000000Z                          29.8                           4.2                        1737.9                           4.2
2026-07-10T22:04:00.261000000Z                          29.8                          4.01                        1737.6                          4.01
2026-07-10T22:04:30.390000000Z                          29.8                          4.24                        1737.9                          4.24
2026-07-10T22:05:00.430000000Z                          29.8                          4.21                        1737.8                          4.21
2026-07-10T22:05:30.474000000Z                          29.8                          4.06                        1737.4                          4.06
2026-07-10T22:06:00.430000000Z                          29.8                          4.16                        1737.4                          4.16
2026-07-10T22:06:30.522000000Z                          29.8                          4.22                        1737.3                          4.22
2026-07-10T22:06:55.854000000Z                          29.8                          4.52                        1737.7                          4.52
2026-07-10T22:07:25.874000000Z                          29.8                          4.15                        1737.5                          4.15
2026-07-10T22:07:55.840000000Z                          29.8                          3.91                        1738.1                          3.91
2026-07-10T22:08:25.834000000Z                          29.8                          3.99                        1737.9                          3.99
2026-07-10T22:08:55.933000000Z                          29.8                           4.1                          1738                           4.1
2026-07-10T22:09:26.018000000Z                          29.8                          4.11                        1737.3                          4.11
2026-07-10T22:09:56.052000000Z                          29.8                          4.18                        1737.4                          4.18
2026-07-10T22:10:26.131000000Z                          29.8                          4.07                        1737.9                          4.07
2026-07-10T22:10:56.133000000Z                          29.8                          4.07                        1737.8                          4.07
2026-07-10T22:11:26.233000000Z                          29.8                          4.06                          1738                          4.06
2026-07-10T22:11:56.288000000Z                          29.8                          4.04                        1737.7                          4.04
2026-07-10T22:12:26.307000000Z                          29.8                          4.29                        1737.4                          4.29
2026-07-10T22:12:56.317000000Z                          29.8                          4.26                        1737.9                          4.26
2026-07-10T22:13:12.374000000Z                          29.8                          4.53                        1737.2                          4.53
2026-07-10T22:13:42.410000000Z                          29.8                          4.12                        1737.7                          4.12
2026-07-10T22:13:57.097000000Z                          29.8                          4.51                        1737.2                          4.51
2026-07-10T22:14:27.181000000Z                          29.8                          4.09                        1737.7                          4.09
2026-07-10T22:14:39.057000000Z                          29.8                           4.5                        1737.5                           4.5
2026-07-10T22:14:52.266000000Z                          29.8                          4.51                        1737.4                          4.51
2026-07-10T22:15:22.347000000Z                          29.8                          4.18                        1737.9                          4.18
2026-07-10T22:15:52.502000000Z                          29.8                          3.97                        1737.9                          3.97
2026-07-10T22:16:07.284000000Z                          29.8                          4.58                        1737.7                          4.58
2026-07-10T22:16:37.385000000Z                          29.8                          3.95                          1738                          3.95
2026-07-10T22:17:07.377000000Z                          29.8                          4.04                        1738.1                          4.04
2026-07-10T22:17:37.298000000Z                          29.8                          4.25                        1737.6                          4.25
2026-07-10T22:18:07.371000000Z                          29.8                           4.1                        1738.1                           4.1
2026-07-10T22:18:37.505000000Z                          29.8                          4.02                          1738                          4.02
2026-07-10T22:19:07.527000000Z                          29.8                          4.15                          1738                          4.15
2026-07-10T22:19:37.504000000Z                          29.8                          3.96                        1738.1                          3.96
2026-07-10T22:20:07.529000000Z                          29.8                          4.07                          1738                          4.07
2026-07-10T22:20:37.621000000Z                          29.8                          4.14                          1738                          4.14
2026-07-10T22:21:07.627000000Z                          29.8                          3.96                        1737.9                          3.96
2026-07-10T22:21:37.712000000Z                          29.8                          4.13                        1737.5                          4.13
2026-07-10T22:22:07.725000000Z                          29.8                          4.25                        1737.8                          4.25
2026-07-10T22:22:37.811000000Z                          29.8                          3.99                        1738.1                          3.99
2026-07-10T22:23:07.941000000Z                          29.8                          4.14                        1737.6                          4.14
2026-07-10T22:23:37.999000000Z                          29.8                           4.3                        1738.1                           4.3
2026-07-10T22:23:52.863000000Z                          29.8                          4.62                        1737.6                          4.62
2026-07-10T22:24:22.900000000Z                          29.8                          4.24                        1738.1                          4.24
2026-07-10T22:24:53.034000000Z                          29.8                          4.08                        1737.9                          4.08
2026-07-10T22:25:23.087000000Z                          29.8                          4.07                        1737.9                          4.07
2026-07-10T22:25:53.069000000Z                          29.8                           4.2                        1737.4                           4.2
2026-07-10T22:26:23.116000000Z                          29.8                          4.05                          1738                          4.05
2026-07-10T22:26:53.237000000Z                          29.8                           4.2                        1737.9                           4.2
2026-07-10T22:27:23.073000000Z                          29.8                          4.57                        1737.4                          4.57
2026-07-10T22:27:43.084000000Z                          29.8                          4.66                        1737.5                          4.66
2026-07-10T22:28:13.074000000Z                          29.8                          4.11                          1738                          4.11
2026-07-10T22:28:43.035000000Z                          29.8                          4.23                        1737.6                          4.23
2026-07-10T22:29:13.206000000Z                          29.8                           4.2                        1737.6                           4.2
2026-07-10T22:29:38.119000000Z                          29.8                          4.54                        1737.6                          4.54
2026-07-10T22:29:57.594000000Z                          29.8                          4.52                        1737.8                          4.52
2026-07-10T22:30:27.646000000Z                          29.8                          3.99                        1738.2                          3.99
2026-07-10T22:30:45.597000000Z                          29.8                          4.52                        1737.5                          4.52
2026-07-10T22:31:15.677000000Z                          29.8                          4.16                        1737.8                          4.16
2026-07-10T22:31:45.608000000Z                          29.8                          3.97                        1737.8                          3.97
2026-07-10T22:32:15.733000000Z                          29.8                          4.36                        1737.8                          4.36
2026-07-10T22:32:45.797000000Z                          29.8                          4.11                        1737.7                          4.11
2026-07-10T22:33:15.932000000Z                          29.8                          4.18                        1737.4                          4.18
2026-07-10T22:33:45.917000000Z                         524.7                          0.53                        1737.9                          0.23
2026-07-10T22:34:16.026000000Z                          29.8                          3.99                        1737.9                          3.99
2026-07-10T22:34:46.012000000Z                          29.8                           4.3                        1737.8                           4.3
2026-07-10T22:35:16.142000000Z                          29.8                          4.15                        1737.7                          4.15
2026-07-10T22:35:46.025000000Z                          29.8                          4.11                        1737.8                          4.11
2026-07-10T22:36:16.175000000Z                          29.8                          4.19                          1738                          4.19
2026-07-10T22:36:46.204000000Z                          29.8                          4.13                        1737.8                          4.13
2026-07-10T22:36:58.774000000Z                          29.8                          4.54                        1737.2                          4.54
2026-07-10T22:37:28.886000000Z                          29.8                          4.09                          1738                          4.09
2026-07-10T22:37:58.860000000Z                          29.8                          4.09                        1737.8                          4.09
2026-07-10T22:38:15.290000000Z                          29.8                          4.52                        1737.3                          4.52
2026-07-10T22:38:45.376000000Z                          29.8                          4.05                        1737.9                          4.05
2026-07-10T22:39:15.422000000Z                          29.8                          4.13                        1737.9                          4.13
2026-07-10T22:39:45.508000000Z                          29.8                           4.3                        1737.8                           4.3
2026-07-10T22:40:15.594000000Z                          29.8                          4.32                        1737.5                          4.32
2026-07-10T22:40:45.604000000Z                          29.8                          4.15                        1737.8                          4.15
2026-07-10T22:41:15.686000000Z                          29.8                          4.12                          1738                          4.12
2026-07-10T22:41:45.629000000Z                          29.8                          4.02                        1737.8                          4.02
2026-07-10T22:42:15.712000000Z                          29.8                          4.32                        1737.4                          4.32
2026-07-10T22:42:45.730000000Z                          29.8                          4.01                          1738                          4.01
2026-07-10T22:43:15.713000000Z                          29.8                             4                        1737.8                             4
2026-07-10T22:43:45.818000000Z                          29.8                          4.07                        1738.1                          4.07
2026-07-10T22:44:03.916000000Z                          29.8                          4.59                        1737.6                          4.59
2026-07-10T22:44:33.945000000Z                          29.8                          3.99                        1737.7                          3.99
2026-07-10T22:45:03.956000000Z                          29.8                          4.05                        1737.9                          4.05
2026-07-10T22:45:33.999000000Z                          29.8                          4.15                        1737.5                          4.15
2026-07-10T22:45:58.822000000Z                          29.8                          4.52                        1737.4                          4.52
2026-07-10T22:46:28.937000000Z                         524.7                          0.61                        1737.5                          0.24
2026-07-10T22:46:58.933000000Z                          29.8                          3.87                        1737.7                          3.87
2026-07-10T22:47:29.023000000Z                          29.8                          3.87                        1737.8                          3.87
2026-07-10T22:47:59.166000000Z                          29.8                          4.18                        1738.1                          4.18
2026-07-10T22:48:29.226000000Z                          29.8                          4.11                        1737.9                          4.11
2026-07-10T22:48:59.228000000Z                          29.8                          4.21                        1737.8                          4.21
2026-07-10T22:49:29.238000000Z                          29.8                          4.19                        1737.3                          4.19
2026-07-10T22:49:46.327000000Z                          29.8                          4.53                        1737.5                          4.53
2026-07-10T22:50:11.470000000Z                          29.8                           4.5                        1737.3                           4.5
2026-07-10T22:50:41.316000000Z                          29.8                          4.04                        1737.7                          4.04
2026-07-10T22:51:11.542000000Z                          29.8                          4.09                        1737.8                          4.09
2026-07-10T22:51:41.432000000Z                          29.8                          4.11                        1738.1                          4.11
2026-07-10T22:52:11.525000000Z                          29.8                          4.03                        1737.7                          4.03
2026-07-10T22:52:41.619000000Z                          29.8                          4.16                        1737.6                          4.16
2026-07-10T22:53:11.676000000Z                          29.8                          4.15                          1738                          4.15
2026-07-10T22:53:41.732000000Z                          29.8                          3.81                          1738                          3.81
2026-07-10T22:54:11.725000000Z                          29.8                          4.19                          1738                          4.19
2026-07-10T22:54:41.833000000Z                          29.8                          4.08                        1737.6                          4.08
2026-07-10T22:55:11.956000000Z                          29.8                           4.3                        1737.8                           4.3
2026-07-10T22:55:41.926000000Z                          29.8                          3.94                        1737.9                          3.94
2026-07-10T22:56:12.051000000Z                          29.8                             4                        1738.1                             4
2026-07-10T22:56:41.952000000Z                          29.8                          4.02                        1737.9                          4.02
2026-07-10T22:57:12.068000000Z                          29.8                          4.19                        1737.4                          4.19
2026-07-10T22:57:23.869000000Z                          29.8                          4.51                        1737.6                          4.51
2026-07-10T22:57:54.005000000Z                          29.8                           4.2                        1737.5                           4.2
2026-07-10T22:58:23.967000000Z                          29.8                          4.05                        1737.9                          4.05
2026-07-10T22:58:53.981000000Z                          29.8                          4.05                        1737.9                          4.05
2026-07-10T22:59:24.073000000Z                          29.8                          3.96                        1737.8                          3.96
2026-07-10T22:59:45.637000000Z                          29.8                          4.52                        1737.5                          4.52
2026-07-10T23:00:15.784000000Z                          29.8                          4.16                        1737.8                          4.16
2026-07-10T23:00:45.755000000Z                          29.8                          4.01                        1738.1                          4.01
2026-07-10T23:01:15.784000000Z                          29.8                          4.18                        1737.7                          4.18
2026-07-10T23:01:45.933000000Z                          29.8                          4.02                          1738                          4.02
2026-07-10T23:02:00.188000000Z                          29.8                          4.53                        1737.6                          4.53
2026-07-10T23:02:30.154000000Z                          29.8                          4.34                        1737.5                          4.34
2026-07-10T23:02:45.846000000Z                          29.8                          4.54                        1737.3                          4.54
2026-07-10T23:03:15.945000000Z                          29.8                          4.05                        1737.7                          4.05
2026-07-10T23:03:45.880000000Z                          29.8                          4.05                          1738                          4.05
2026-07-10T23:04:12.850000000Z                          29.8                          4.51                        1737.9                          4.51
2026-07-10T23:04:42.914000000Z                          29.8                          4.11                        1737.3                          4.11
2026-07-10T23:05:12.959000000Z                          29.8                          4.06                        1737.4                          4.06
2026-07-10T23:05:42.901000000Z                          29.8                          4.31                          1738                          4.31
2026-07-10T23:06:13.017000000Z                          29.8                          4.02                          1738                          4.02
2026-07-10T23:06:42.963000000Z                          29.8                           4.2                        1737.6                           4.2
2026-07-10T23:07:13.048000000Z                          29.8                          4.18                        1737.8                          4.18
2026-07-10T23:07:43.125000000Z                          29.8                          3.98                        1738.2                          3.98
2026-07-10T23:08:13.139000000Z                          29.8                          4.07                          1738                          4.07
2026-07-10T23:08:43.148000000Z                          29.8                          4.21                        1737.4                          4.21
2026-07-10T23:09:13.190000000Z                          29.8                          4.17                          1738                          4.17
2026-07-10T23:09:43.184000000Z                          29.8                          4.04                        1737.8                          4.04
2026-07-10T23:10:13.248000000Z                          29.8                          4.21                        1737.9                          4.21
2026-07-10T23:10:42.042000000Z                          29.8                           4.5                        1737.7                           4.5
2026-07-10T23:11:12.164000000Z                          29.8                          4.03                          1738                          4.03
2026-07-10T23:11:35.162000000Z                          29.8                          4.61                        1737.8                          4.61
2026-07-10T23:11:45.604000000Z                          29.8                          4.51                        1737.6                          4.51
2026-07-10T23:12:15.641000000Z                          29.8                          4.14                          1738                          4.14
2026-07-10T23:12:45.710000000Z                          29.8                          4.08                        1737.9                          4.08
2026-07-10T23:13:10.054000000Z                          29.8                           4.5                        1737.7                           4.5
2026-07-10T23:13:33.858000000Z                          29.8                          4.52                        1737.4                          4.52
2026-07-10T23:14:03.901000000Z                          29.8                           4.2                          1738                           4.2
2026-07-10T23:14:33.961000000Z                          29.8                           4.2                        1737.8                           4.2
2026-07-10T23:15:04.035000000Z                          29.8                          4.34                        1737.9                          4.34
2026-07-10T23:15:31.316000000Z                          29.8                          4.58                        1737.5                          4.58
2026-07-10T23:16:01.441000000Z                          29.8                          4.07                        1737.8                          4.07
2026-07-10T23:16:31.450000000Z                          29.8                          4.18                          1738                          4.18
2026-07-10T23:17:01.399000000Z                          29.8                          4.23                        1737.5                          4.23
2026-07-10T23:17:31.371000000Z                          29.8                          4.15                        1737.8                          4.15
2026-07-10T23:18:01.480000000Z                          29.8                          4.04                        1737.9                          4.04
2026-07-10T23:18:31.570000000Z                          29.8                          3.98                        1738.1                          3.98
2026-07-10T23:19:01.688000000Z                          29.8                          4.14                        1737.5                          4.14
2026-07-10T23:19:31.753000000Z                          29.8                          4.31                        1737.8                          4.31
2026-07-10T23:20:01.705000000Z                          29.8                          4.08                        1737.7                          4.08
2026-07-10T23:20:31.700000000Z                          29.8                          4.17                        1737.5                          4.17
2026-07-10T23:21:01.864000000Z                          29.8                          4.19                        1737.6                          4.19
2026-07-10T23:21:31.928000000Z                          29.8                          4.19                        1737.8                          4.19
2026-07-10T23:22:01.902000000Z                          29.8                          4.06                        1737.7                          4.06
2026-07-10T23:22:31.973000000Z                          29.8                          4.08                        1737.8                          4.08
2026-07-10T23:23:02.074000000Z                          29.8                          4.14                        1737.7                          4.14
2026-07-10T23:23:32.932000000Z                          29.8                          4.14                        1737.8                          4.14
2026-07-10T23:24:02.176000000Z                          29.8                          3.94                        1738.1                          3.94
2026-07-10T23:24:32.314000000Z                          29.8                          4.01                        1737.9                          4.01
2026-07-10T23:24:42.340000000Z                          29.8                          4.56                        1737.5                          4.56
2026-07-10T23:25:12.457000000Z                          29.8                           4.2                        1737.9                           4.2
2026-07-10T23:25:25.807000000Z                          29.8                          4.53                        1737.4                          4.53
2026-07-10T23:25:37.569000000Z                          29.8                           4.8                        1737.3                           4.8
2026-07-10T23:26:05.427000000Z                          29.8                           4.5                        1737.6                           4.5
2026-07-10T23:26:27.322000000Z                          29.8                          4.59                          1738                          4.59
2026-07-10T23:26:57.402000000Z                          29.8                          4.12                          1738                          4.12
2026-07-10T23:27:24.147000000Z                          29.8                          4.64                        1737.3                          4.64
2026-07-10T23:27:50.479000000Z                          29.8                          4.52                        1737.4                          4.52
2026-07-10T23:28:20.469000000Z                          29.8                          4.15                        1737.9                          4.15
2026-07-10T23:28:45.649000000Z                          29.8                           4.5                        1737.6                           4.5
2026-07-10T23:29:15.708000000Z                          29.8                          4.11                        1737.9                          4.11
2026-07-10T23:29:45.772000000Z                          29.8                          4.03                        1737.7                          4.03
2026-07-10T23:30:15.816000000Z                          29.8                          3.95                        1737.9                          3.95
2026-07-10T23:30:34.928000000Z                          29.8                          4.72                        1737.7                          4.72
2026-07-10T23:31:04.976000000Z                          29.8                          4.13                        1737.8                          4.13
2026-07-10T23:31:22.315000000Z                          29.8                          4.52                        1737.4                          4.52
2026-07-10T23:31:52.473000000Z                          29.8                          3.91                        1738.1                          3.91
2026-07-10T23:32:22.455000000Z                          29.8                          4.09                        1738.1                          4.09
2026-07-10T23:32:41.668000000Z                          29.8                          4.62                        1737.7                          4.62
2026-07-10T23:33:11.654000000Z                          29.8                          4.13                        1737.7                          4.13
2026-07-10T23:33:41.748000000Z                          29.8                          3.87                        1738.2                          3.87
2026-07-10T23:34:11.703000000Z                          29.8                          4.23                        1738.3                          4.23
2026-07-10T23:34:41.842000000Z                          29.8                          4.02                        1737.8                          4.02
2026-07-10T23:34:54.420000000Z                          29.8                          4.65                        1737.8                          4.65
2026-07-10T23:35:06.621000000Z                          29.8                          4.55                        1737.7                          4.55
2026-07-10T23:35:36.634000000Z                          29.8                           4.2                        1737.6                           4.2
2026-07-10T23:35:59.124000000Z                          29.8                          4.54                        1737.5                          4.54
2026-07-10T23:36:22.921000000Z                          29.8                          4.66                        1737.6                          4.66
2026-07-10T23:36:37.447000000Z                          29.8                          4.53                        1737.5                          4.53
2026-07-10T23:37:07.539000000Z                          29.8                          4.06                        1737.8                          4.06
2026-07-10T23:37:28.871000000Z                          29.8                          4.62                        1737.7                          4.62
2026-07-10T23:37:39.388000000Z                          29.8                          4.69                        1737.5                          4.69
2026-07-10T23:38:09.501000000Z                          29.8                          4.14                        1737.7                          4.14
2026-07-10T23:38:25.146000000Z                          29.8                          4.64                          1738                          4.64
2026-07-10T23:38:36.378000000Z                          29.8                          4.62                          1738                          4.62
2026-07-10T23:39:06.444000000Z                          29.8                             4                        1737.7                             4
2026-07-10T23:39:36.535000000Z                          29.8                          4.32                        1737.7                          4.32
2026-07-10T23:40:06.495000000Z                          29.8                          4.13                        1737.9                          4.13
2026-07-10T23:40:17.099000000Z                          29.8                          4.53                        1737.4                          4.53
2026-07-10T23:40:47.201000000Z                          29.8                           4.1                          1738                           4.1
2026-07-10T23:40:58.356000000Z                          29.8                          4.53                        1737.6                          4.53
2026-07-10T23:41:10.355000000Z                          29.8                          4.52                        1737.9                          4.52
2026-07-10T23:41:40.484000000Z                          29.8                          4.29                        1737.7                          4.29
2026-07-10T23:41:54.905000000Z                          29.8                          4.52                        1737.6                          4.52
2026-07-10T23:42:24.945000000Z                          29.8                          4.15                        1737.5                          4.15
2026-07-10T23:42:45.143000000Z                          29.8                          4.55                          1738                          4.55
2026-07-10T23:43:15.227000000Z                          29.8                           4.1                        1737.4                           4.1
2026-07-10T23:43:26.887000000Z                          29.8                          4.63                        1737.5                          4.63
2026-07-10T23:43:57.020000000Z                          29.8                           3.9                        1737.8                           3.9
2026-07-10T23:44:14.471000000Z                          29.8                          4.57                        1737.5                          4.57
2026-07-10T23:44:27.157000000Z                          29.8                          4.61                          1738                          4.61
2026-07-10T23:44:52.227000000Z                          29.8                           4.5                        1738.2                           4.5
2026-07-10T23:45:22.246000000Z                          29.8                          3.92                          1738                          3.92
2026-07-10T23:45:40.156000000Z                          29.8                           4.5                        1737.5                           4.5
2026-07-10T23:46:10.100000000Z                          29.8                          4.15                        1737.5                          4.15
2026-07-10T23:46:40.183000000Z                          29.8                           3.9                        1738.1                           3.9
2026-07-10T23:47:10.154000000Z                          29.8                          3.97                          1738                          3.97
2026-07-10T23:47:40.141000000Z                          29.8                          4.07                        1737.9                          4.07
2026-07-10T23:48:10.209000000Z                          29.8                          4.26                        1737.9                          4.26
2026-07-10T23:48:40.286000000Z                          29.8                          4.21                        1737.6                          4.21
2026-07-10T23:49:10.387000000Z                          29.8                          4.24                        1737.8                          4.24
2026-07-10T23:49:34.311000000Z                          29.8                          4.53                        1737.7                          4.53
2026-07-10T23:49:48.412000000Z                          29.8                           4.5                        1738.1                           4.5
2026-07-10T23:50:18.375000000Z                          29.8                          4.09                        1737.7                          4.09
2026-07-10T23:50:48.481000000Z                          29.8                           4.2                        1737.9                           4.2
2026-07-10T23:51:18.567000000Z                          29.8                          4.32                        1737.5                          4.32
2026-07-10T23:51:48.637000000Z                          29.8                          4.26                        1737.5                          4.26
2026-07-10T23:52:05.841000000Z                          29.8                           4.5                        1737.6                           4.5
2026-07-10T23:52:35.983000000Z                          29.8                          4.19                        1737.6                          4.19
2026-07-10T23:53:05.946000000Z                          29.8                          4.02                        1738.1                          4.02
2026-07-10T23:53:35.972000000Z                          29.8                          4.05                        1737.8                          4.05
2026-07-10T23:54:06.039000000Z                          29.8                          4.29                        1737.9                          4.29
2026-07-10T23:54:30.660000000Z                          29.8                          4.72                        1737.5                          4.72
2026-07-10T23:55:00.825000000Z                          29.8                          4.22                        1737.6                          4.22
2026-07-10T23:55:15.446000000Z                          29.8                          4.55                        1737.7                          4.55
2026-07-10T23:55:45.460000000Z                          29.8                          4.01                        1737.8                          4.01
2026-07-10T23:56:15.484000000Z                          29.8                          4.09                          1738                          4.09
2026-07-10T23:56:45.556000000Z                          29.8                          4.01                        1737.8                          4.01
2026-07-10T23:57:00.761000000Z                          29.8                          4.63                        1737.8                          4.63
2026-07-10T23:57:30.777000000Z                          29.8                          4.07                        1737.6                          4.07
2026-07-10T23:58:00.701000000Z                          29.8                          4.03                          1738                          4.03
2026-07-10T23:58:30.796000000Z                          29.8                          4.18                        1737.9                          4.18
2026-07-10T23:59:00.880000000Z                          29.8                          4.05                        1737.8                          4.05
2026-07-10T23:59:31.055000000Z                          29.8                          4.25                        1737.6                          4.25
2026-07-11T00:00:01.063000000Z                          29.8                           4.1                        1737.9                           4.1
2026-07-11T00:00:31.084000000Z                          29.8                          4.09                        1738.1                          4.09
2026-07-11T00:01:01.154000000Z                          29.8                          4.12                        1738.4                          4.12
2026-07-11T00:01:31.255000000Z                          29.8                          4.16                          1738                          4.16
2026-07-11T00:02:01.343000000Z                          29.8                          4.06                        1738.4                          4.06
2026-07-11T00:02:24.469000000Z                          29.8                          4.51                        1737.8                          4.51
2026-07-11T00:02:54.491000000Z                          29.8                          4.16                        1738.2                          4.16
2026-07-11T00:03:24.489000000Z                          29.8                          4.11                        1737.8                          4.11
2026-07-11T00:03:54.609000000Z                          29.8                          4.29                        1737.9                          4.29
2026-07-11T00:04:24.704000000Z                          29.8                          4.12                        1738.1                          4.12
2026-07-11T00:04:54.710000000Z                          29.8                          4.04                        1738.1                          4.04
2026-07-11T00:05:06.489000000Z                          29.8                          4.51                        1738.3                          4.51
2026-07-11T00:05:29.966000000Z                          29.8                          4.66                        1737.7                          4.66
2026-07-11T00:05:56.441000000Z                          29.8                          4.51                        1737.8                          4.51
2026-07-11T00:06:07.130000000Z                          29.8                          4.75                        1737.8                          4.75
2026-07-11T00:06:26.210000000Z                          29.8                          4.55                        1738.4                          4.55
2026-07-11T00:06:38.362000000Z                          29.8                          4.62                        1737.7                          4.62
2026-07-11T00:06:50.651000000Z                          29.8                          4.66                        1737.8                          4.66
2026-07-11T00:07:20.839000000Z                          29.8                          4.18                        1737.6                          4.18
2026-07-11T00:07:31.381000000Z                          29.8                          4.71                        1737.6                          4.71
2026-07-11T00:07:47.737000000Z                          29.8                          4.55                        1738.1                          4.55
2026-07-11T00:08:10.387000000Z                          29.8                          4.56                        1738.2                          4.56
2026-07-11T00:08:31.163000000Z                          29.8                          4.59                        1737.8                          4.59
2026-07-11T00:08:45.671000000Z                          29.8                          4.62                          1738                          4.62
2026-07-11T00:08:57.455000000Z                          29.8                          4.72                        1737.6                          4.72
2026-07-11T00:09:27.550000000Z                          29.8                          4.13                          1738                          4.13
2026-07-11T00:09:43.614000000Z                          29.8                          4.62                        1737.7                          4.62
2026-07-11T00:09:56.885000000Z                          29.8                           4.6                        1737.5                           4.6
2026-07-11T00:10:09.958000000Z                          29.8                          4.53                        1737.9                          4.53
2026-07-11T00:10:24.951000000Z                          29.8                           4.7                        1737.7                           4.7
2026-07-11T00:10:43.390000000Z                          29.8                          4.63                        1737.7                          4.63
2026-07-11T00:11:01.410000000Z                          29.8                          4.58                        1738.1                          4.58
2026-07-11T00:11:20.164000000Z                          29.8                          4.55                        1737.8                          4.55
2026-07-11T00:11:31.177000000Z                          29.8                          4.54                        1738.1                          4.54
2026-07-11T00:11:48.151000000Z                          29.8                          4.55                        1737.7                          4.55
2026-07-11T00:12:11.940000000Z                          29.8                          4.59                        1737.9                          4.59
2026-07-11T00:12:26.655000000Z                          29.8                          4.74                        1738.2                          4.74
2026-07-11T00:12:42.192000000Z                          29.8                          4.68                        1737.8                          4.68
2026-07-11T00:12:52.686000000Z                          29.8                           4.6                        1737.7                           4.6
2026-07-11T00:13:08.706000000Z                          29.8                          4.58                        1737.8                          4.58
2026-07-11T00:13:21.898000000Z                          29.8                          4.51                        1737.7                          4.51
2026-07-11T00:13:39.098000000Z                          29.8                          4.65                        1737.8                          4.65
2026-07-11T00:13:51.119000000Z                          29.8                          4.57                        1737.8                          4.57
2026-07-11T00:14:17.405000000Z                          29.8                           4.6                        1737.8                           4.6
2026-07-11T00:14:32.101000000Z                          29.8                          4.52                        1737.9                          4.52
2026-07-11T00:14:45.297000000Z                          29.8                          4.51                        1737.9                          4.51
2026-07-11T00:15:05.393000000Z                          29.8                          4.77                        1738.1                          4.77
2026-07-11T00:15:15.946000000Z                          29.8                          4.51                        1738.1                          4.51
2026-07-11T00:15:26.607000000Z                          29.8                          4.53                        1737.9                          4.53
2026-07-11T00:15:45.103000000Z                          29.8                          4.51                        1738.2                          4.51
2026-07-11T00:16:04.716000000Z                          29.8                          4.65                        1737.9                          4.65
2026-07-11T00:16:27.968000000Z                          29.8                          4.53                          1738                          4.53
2026-07-11T00:16:40.225000000Z                          29.8                          4.51                        1737.9                          4.51
2026-07-11T00:17:06.008000000Z                          29.8                          4.67                        1738.1                          4.67
2026-07-11T00:17:35.985000000Z                          29.8                          4.21                        1738.1                          4.21
2026-07-11T00:18:05.994000000Z                          29.8                          4.05                        1737.8                          4.05
2026-07-11T00:18:33.925000000Z                          29.8                          4.59                        1737.7                          4.59
2026-07-11T00:19:04.089000000Z                          29.8                          4.14                        1737.9                          4.14
2026-07-11T00:19:34.117000000Z                          29.8                          4.04                        1737.8                          4.04
2026-07-11T00:20:01.106000000Z                          29.8                          4.53                        1737.8                          4.53
2026-07-11T00:20:12.668000000Z                          29.8                          4.69                        1737.6                          4.69
2026-07-11T00:20:37.716000000Z                          29.8                          4.59                        1737.6                          4.59
2026-07-11T00:21:07.668000000Z                          29.8                          4.17                        1738.1                          4.17
2026-07-11T00:21:37.783000000Z                          29.8                          4.07                        1737.9                          4.07
2026-07-11T00:22:07.863000000Z                          29.8                          4.02                        1737.9                          4.02
2026-07-11T00:22:37.981000000Z                          29.8                          4.11                        1738.1                          4.11
2026-07-11T00:22:58.445000000Z                          29.8                          4.54                        1737.6                          4.54
2026-07-11T00:23:28.410000000Z                          29.8                          4.01                          1738                          4.01
2026-07-11T00:23:58.420000000Z                          29.8                          3.99                        1737.7                          3.99
2026-07-11T00:24:10.890000000Z                          29.8                           4.5                        1737.3                           4.5
2026-07-11T00:24:29.425000000Z                          29.8                          4.55                        1737.4                          4.55
2026-07-11T00:24:45.139000000Z                          29.8                          4.56                        1737.7                          4.56
2026-07-11T00:25:15.223000000Z                          29.8                          3.99                        1738.1                          3.99
2026-07-11T00:25:31.506000000Z                          29.8                          4.71                        1737.4                          4.71
2026-07-11T00:25:41.959000000Z                          29.8                          4.52                        1737.2                          4.52
2026-07-11T00:25:55.130000000Z                          29.8                          4.53                        1737.4                          4.53
2026-07-11T00:26:17.602000000Z                          29.8                          4.51                        1737.6                          4.51
2026-07-11T00:26:29.164000000Z                          29.8                          4.53                        1737.6                          4.53
2026-07-11T00:26:59.301000000Z                          29.8                          4.04                        1737.7                          4.04
2026-07-11T00:27:29.355000000Z                          29.8                          3.98                        1737.7                          3.98
2026-07-11T00:27:59.337000000Z                          29.8                          4.08                        1737.9                          4.08
2026-07-11T00:28:29.401000000Z                          29.8                          4.23                        1737.7                          4.23
2026-07-11T00:28:59.427000000Z                          29.8                          4.13                        1737.9                          4.13
2026-07-11T00:29:16.127000000Z                          29.8                          4.51                        1737.5                          4.51
2026-07-11T00:29:34.679000000Z                          29.8                          4.54                        1737.6                          4.54
2026-07-11T00:29:44.695000000Z                          29.8                           4.5                          1738                           4.5
2026-07-11T00:30:14.766000000Z                          29.8                          4.04                          1738                          4.04
2026-07-11T00:30:44.782000000Z                          29.8                          4.17                        1737.8                          4.17
2026-07-11T00:31:14.747000000Z                          29.8                          4.17                        1737.5                          4.17
2026-07-11T00:31:44.824000000Z                          29.8                          3.95                        1737.8                          3.95
2026-07-11T00:32:14.936000000Z                          29.8                          3.89                        1737.8                          3.89
2026-07-11T00:32:44.932000000Z                          29.8                          3.95                        1738.2                          3.95
2026-07-11T00:33:14.934000000Z                          29.8                          3.91                        1737.9                          3.91
2026-07-11T00:33:45.009000000Z                          29.8                          4.03                        1737.8                          4.03
2026-07-11T00:34:15.074000000Z                          29.8                          4.04                        1737.3                          4.04
2026-07-11T00:34:45.164000000Z                          29.8                          4.14                        1737.3                          4.14
2026-07-11T00:35:15.282000000Z                          29.8                          3.85                        1737.5                          3.85
2026-07-11T00:35:45.369000000Z                          29.8                          3.92                        1737.8                          3.92
2026-07-11T00:36:15.342000000Z                          29.8                          3.94                        1737.9                          3.94
2026-07-11T00:36:45.433000000Z                          29.8                          4.01                        1737.5                          4.01
2026-07-11T00:37:05.985000000Z                          29.8                          4.57                        1737.7                          4.57
2026-07-11T00:37:36.037000000Z                          29.8                          3.96                        1737.7                          3.96
2026-07-11T00:38:06.148000000Z                          29.8                          4.04                        1737.8                          4.04
2026-07-11T00:38:36.097000000Z                          29.8                          4.19                          1738                          4.19
2026-07-11T00:39:06.128000000Z                          29.8                           3.9                        1737.7                           3.9
2026-07-11T00:39:36.241000000Z                          29.8                          4.03                        1737.9                          4.03
2026-07-11T00:40:06.381000000Z                          29.8                          4.11                        1737.6                          4.11
2026-07-11T00:40:36.420000000Z                          29.8                          4.21                        1737.8                          4.21
2026-07-11T00:41:06.546000000Z                          29.8                          4.07                        1737.4                          4.07
2026-07-11T00:41:36.549000000Z                          29.8                          4.04                        1737.7                          4.04
2026-07-11T00:42:06.647000000Z                          29.8                          3.96                        1738.1                          3.96
2026-07-11T00:42:36.739000000Z                          29.8                          3.99                          1738                          3.99
2026-07-11T00:43:06.739000000Z                          29.8                          4.08                        1738.2                          4.08
2026-07-11T00:43:36.802000000Z                          29.8                          4.07                        1737.9                          4.07
2026-07-11T00:44:06.920000000Z                          29.8                          3.91                        1737.5                          3.91
2026-07-11T00:44:37.021000000Z                          29.8                          3.98                        1737.7                          3.98
2026-07-11T00:45:07.070000000Z                          29.8                          3.82                        1737.9                          3.82
2026-07-11T00:45:37.130000000Z                          29.8                          3.99                        1738.2                          3.99
2026-07-11T00:46:07.118000000Z                          29.8                          4.02                        1738.1                          4.02
2026-07-11T00:46:37.183000000Z                          29.8                          3.95                        1738.1                          3.95
2026-07-11T00:47:07.194000000Z                          29.8                          4.42                        1737.5                          4.42
2026-07-11T00:47:37.274000000Z                          29.8                          4.09                        1737.5                          4.09
2026-07-11T00:48:07.218000000Z                          29.8                             4                        1737.9                             4
2026-07-11T00:48:37.374000000Z                          29.8                             4                        1737.9                             4
2026-07-11T00:49:07.494000000Z                          29.8                          3.89                        1738.1                          3.89
2026-07-11T00:49:37.470000000Z                          29.8                          4.22                        1738.1                          4.22
2026-07-11T00:50:07.567000000Z                          29.8                          4.07                        1738.1                          4.07
2026-07-11T00:50:37.529000000Z                          29.8                          4.24                        1737.7                          4.24
2026-07-11T00:51:07.531000000Z                          29.8                          4.17                        1737.9                          4.17
2026-07-11T00:51:37.518000000Z                          29.8                          3.98                          1738                          3.98
2026-07-11T00:52:07.627000000Z                          29.8                          3.81                        1737.8                          3.81
2026-07-11T00:52:37.619000000Z                          29.8                          4.06                        1738.1                          4.06
2026-07-11T00:53:07.683000000Z                          29.8                          4.09                        1737.8                          4.09
2026-07-11T00:53:37.670000000Z                          29.8                           4.1                        1737.9                           4.1
2026-07-11T00:54:07.753000000Z                          29.8                          4.09                        1737.8                          4.09
2026-07-11T00:54:37.808000000Z                          29.8                          3.91                          1738                          3.91
2026-07-11T00:55:07.944000000Z                          29.8                           3.9                        1737.9                           3.9
2026-07-11T00:55:37.921000000Z                          29.8                          3.88                        1738.1                          3.88
2026-07-11T00:56:08.036000000Z                          29.8                          4.01                        1738.1                          4.01
2026-07-11T00:56:38.100000000Z                          29.8                          4.17                        1737.7                          4.17
2026-07-11T00:57:08.134000000Z                          29.8                          4.01                        1737.8                          4.01
2026-07-11T00:57:38.216000000Z                          29.8                          3.85                        1737.9                          3.85
2026-07-11T00:58:08.201000000Z                          29.8                          3.86                        1737.9                          3.86
2026-07-11T00:58:38.267000000Z                          29.8                          3.84                          1738                          3.84
2026-07-11T00:59:08.312000000Z                          29.8                          3.96                          1738                          3.96
2026-07-11T00:59:38.334000000Z                          29.8                          4.07                        1737.8                          4.07
2026-07-11T01:00:08.514000000Z                          29.8                          4.12                        1737.8                          4.12
2026-07-11T01:00:38.619000000Z                          29.8                          4.13                        1737.5                          4.13
2026-07-11T01:01:08.562000000Z                          29.8                          4.24                        1737.4                          4.24
2026-07-11T01:01:38.617000000Z                          29.8                          4.09                        1737.9                          4.09
2026-07-11T01:02:08.698000000Z                          29.8                          3.89                        1737.9                          3.89
2026-07-11T01:02:38.713000000Z                          29.8                          4.02                          1738                          4.02
2026-07-11T01:03:08.763000000Z                          29.8                          4.11                        1737.9                          4.11
2026-07-11T01:03:37.169000000Z                          29.8                          4.68                        1737.8                          4.68
2026-07-11T01:04:07.327000000Z                          29.8                          4.07                        1738.2                          4.07
2026-07-11T01:04:19.504000000Z                          29.8                          4.56                        1737.7                          4.56
2026-07-11T01:04:49.583000000Z                          29.8                          4.07                          1738                          4.07
2026-07-11T01:05:19.485000000Z                          29.8                          4.11                        1738.5                          4.11
2026-07-11T01:05:50.007000000Z                          29.8                          4.16                        1737.9                          4.16
2026-07-11T01:06:19.701000000Z                          29.8                          4.13                        1738.2                          4.13
2026-07-11T01:06:45.297000000Z                          29.8                          4.52                        1738.2                          4.52
2026-07-11T01:07:15.399000000Z                          29.8                          4.26                        1737.8                          4.26
2026-07-11T01:07:45.435000000Z                          29.8                          4.01                        1738.1                          4.01
2026-07-11T01:08:15.462000000Z                          29.8                          4.14                          1738                          4.14
2026-07-11T01:08:45.437000000Z                          29.8                          4.39                          1738                          4.39
2026-07-11T01:09:15.450000000Z                          29.8                          4.01                          1738                          4.01
2026-07-11T01:09:45.447000000Z                          29.8                          4.01                        1738.5                          4.01
2026-07-11T01:10:09.114000000Z                          29.8                          4.57                        1738.1                          4.57
2026-07-11T01:10:38.969000000Z                          29.8                          4.15                        1738.2                          4.15
2026-07-11T01:11:09.041000000Z                          29.8                          4.13                        1738.6                          4.13
2026-07-11T01:11:39.141000000Z                          29.8                          4.15                        1737.7                          4.15
2026-07-11T01:12:09.087000000Z                          29.8                          4.07                        1738.2                          4.07
2026-07-11T01:12:39.167000000Z                          29.8                          4.03                        1738.5                          4.03
2026-07-11T01:13:09.210000000Z                          29.8                          4.38                        1737.7                          4.38
2026-07-11T01:13:39.185000000Z                          29.8                           4.1                        1737.8                           4.1
2026-07-11T01:14:09.247000000Z                          29.8                          4.29                          1738                          4.29
2026-07-11T01:14:39.313000000Z                          29.8                          3.87                        1738.3                          3.87
2026-07-11T01:15:09.336000000Z                          29.8                          4.06                          1738                          4.06
2026-07-11T01:15:39.356000000Z                          29.8                          4.16                        1737.6                          4.16
2026-07-11T01:16:09.385000000Z                          29.8                          3.99                        1737.9                          3.99
2026-07-11T01:16:39.370000000Z                          29.8                          3.94                        1738.1                          3.94
2026-07-11T01:17:09.477000000Z                          29.8                          4.07                        1738.2                          4.07
2026-07-11T01:17:39.461000000Z                          29.8                          4.02                          1738                          4.02
2026-07-11T01:18:09.535000000Z                          29.8                          3.94                        1738.5                          3.94
2026-07-11T01:18:39.555000000Z                          29.8                          3.92                          1738                          3.92
2026-07-11T01:19:09.659000000Z                          29.8                          4.01                        1738.7                          4.01
2026-07-11T01:19:39.706000000Z                          29.8                          4.08                        1738.3                          4.08
2026-07-11T01:20:07.533000000Z                          29.8                          4.52                        1738.3                          4.52
2026-07-11T01:20:37.424000000Z                          29.8                          3.95                        1738.2                          3.95
2026-07-11T01:21:07.577000000Z                          29.8                          4.16                        1738.4                          4.16
2026-07-11T01:21:37.572000000Z                          29.8                          4.13                        1738.1                          4.13
2026-07-11T01:22:07.540000000Z                          29.8                          4.06                          1738                          4.06
2026-07-11T01:22:21.157000000Z                          29.8                          4.56                        1738.3                          4.56
2026-07-11T01:22:51.309000000Z                          29.8                          4.02                        1737.8                          4.02
2026-07-11T01:23:21.790000000Z                          29.8                          4.01                        1738.3                          4.01
2026-07-11T01:23:51.327000000Z                          29.8                          4.03                        1738.4                          4.03
2026-07-11T01:24:21.345000000Z                          29.8                           3.9                        1738.2                           3.9
2026-07-11T01:24:41.055000000Z                          29.8                          4.55                          1738                          4.55
2026-07-11T01:25:11.111000000Z                          29.8                          3.97                        1738.5                          3.97
2026-07-11T01:25:41.128000000Z                          29.8                          4.14                          1738                          4.14
2026-07-11T01:26:01.708000000Z                          29.8                          4.52                        1738.5                          4.52
2026-07-11T01:26:31.735000000Z                          29.8                          4.03                        1738.4                          4.03
2026-07-11T01:27:01.819000000Z                          29.8                          4.23                        1738.1                          4.23
2026-07-11T01:27:31.740000000Z                          29.8                          4.09                        1738.6                          4.09
2026-07-11T01:28:01.873000000Z                         524.7                          4.12                        1738.1                          4.12
2026-07-11T01:28:26.218000000Z                          29.8                          4.51                        1737.4                          4.51
2026-07-11T01:28:56.294000000Z                          29.8                          4.07                        1738.1                          4.07
2026-07-11T01:29:26.373000000Z                          29.8                          3.92                        1738.3                          3.92
2026-07-11T01:29:56.454000000Z                          29.8                          4.06                        1738.3                          4.06
2026-07-11T01:30:26.587000000Z                          29.8                          4.09                        1737.6                          4.09
2026-07-11T01:30:56.615000000Z                          29.8                          3.99                        1738.1                          3.99
2026-07-11T01:31:26.651000000Z                          29.8                          4.09                        1738.2                          4.09
2026-07-11T01:31:56.870000000Z                          29.8                          4.32                        1737.8                          4.32
2026-07-11T01:32:26.570000000Z                          29.8                          4.01                        1737.7                          4.01
2026-07-11T01:32:56.748000000Z                          29.8                          4.22                          1738                          4.22
2026-07-11T01:33:10.465000000Z                          29.8                          4.55                        1737.7                          4.55
2026-07-11T01:33:40.610000000Z                          29.8                          4.03                        1737.9                          4.03
2026-07-11T01:34:10.634000000Z                          29.8                          4.02                        1738.1                          4.02
2026-07-11T01:34:40.676000000Z                          29.8                          4.11                        1737.8                          4.11
2026-07-11T01:35:10.768000000Z                          29.8                          4.09                        1737.9                          4.09
2026-07-11T01:35:40.828000000Z                          29.8                           3.9                          1738                           3.9
2026-07-11T01:36:10.807000000Z                          29.8                          4.15                        1738.3                          4.15
2026-07-11T01:36:34.069000000Z                          29.8                          4.54                          1738                          4.54
2026-07-11T01:36:52.511000000Z                          29.8                          4.53                        1737.7                          4.53
2026-07-11T01:37:22.530000000Z                          29.8                             4                          1738                             4
2026-07-11T01:37:52.471000000Z                          29.8                          3.99                        1738.1                          3.99
2026-07-11T01:38:22.628000000Z                          29.8                          4.09                        1737.8                          4.09
2026-07-11T01:38:52.711000000Z                          29.8                           4.2                        1737.5                           4.2
2026-07-11T01:39:22.702000000Z                          29.8                          4.07                          1738                          4.07
2026-07-11T01:39:52.686000000Z                          29.8                           3.9                        1737.9                           3.9
2026-07-11T01:40:22.772000000Z                          29.8                          4.06                          1738                          4.06
2026-07-11T01:40:52.797000000Z                          29.8                          4.12                        1737.7                          4.12
2026-07-11T01:41:14.011000000Z                          29.8                          4.59                        1737.8                          4.59
2026-07-11T01:41:44.066000000Z                          29.8                          4.02                        1738.2                          4.02
2026-07-11T01:42:14.116000000Z                          29.8                          4.18                        1738.2                          4.18
2026-07-11T01:42:44.225000000Z                          29.8                          4.07                        1737.7                          4.07
2026-07-11T01:43:14.240000000Z                          29.8                          3.99                        1738.3                          3.99
2026-07-11T01:43:44.420000000Z                          29.8                          4.09                        1737.7                          4.09
2026-07-11T01:44:05.794000000Z                          29.8                          4.57                        1738.1                          4.57
2026-07-11T01:44:35.837000000Z                          29.8                          4.22                        1738.4                          4.22
2026-07-11T01:45:05.806000000Z                          29.8                          4.07                        1738.2                          4.07
2026-07-11T01:45:35.801000000Z                          29.8                           4.1                        1737.7                           4.1
2026-07-11T01:46:05.869000000Z                          29.8                           3.9                        1738.1                           3.9
2026-07-11T01:46:35.890000000Z                          29.8                          3.92                        1738.2                          3.92
2026-07-11T01:47:06.042000000Z                          29.8                          4.15                        1738.3                          4.15
2026-07-11T01:47:36.031000000Z                          29.8                          3.86                        1738.1                          3.86
2026-07-11T01:48:06.008000000Z                          29.8                          3.87                        1738.5                          3.87
2026-07-11T01:48:36.145000000Z                          29.8                          4.19                        1738.2                          4.19
2026-07-11T01:49:06.104000000Z                          29.8                             4                        1738.1                             4
2026-07-11T01:49:36.142000000Z                          29.8                          4.05                        1738.1                          4.05
2026-07-11T01:50:06.176000000Z                          29.8                          4.27                        1738.1                          4.27
2026-07-11T01:50:36.174000000Z                          29.8                          4.06                          1738                          4.06
2026-07-11T01:51:06.199000000Z                          29.8                          4.18                        1737.9                          4.18
2026-07-11T01:51:36.288000000Z                          29.8                          4.25                        1738.2                          4.25
2026-07-11T01:52:06.417000000Z                          29.8                          4.13                        1737.9                          4.13
2026-07-11T01:52:36.334000000Z                          29.8                          4.09                        1738.1                          4.09
2026-07-11T01:53:06.438000000Z                          29.8                          4.14                        1737.6                          4.14
2026-07-11T01:53:36.465000000Z                          29.8                          4.06                        1737.8                          4.06
2026-07-11T01:54:06.541000000Z                          29.8                          3.99                        1738.2                          3.99
2026-07-11T01:54:36.546000000Z                          29.8                          4.27                        1738.3                          4.27
2026-07-11T01:55:06.598000000Z                          29.8                          4.18                        1737.7                          4.18
2026-07-11T01:55:36.520000000Z                          29.8                          3.96                        1738.4                          3.96
2026-07-11T01:56:06.660000000Z                          29.8                          4.14                        1738.2                          4.14
2026-07-11T01:56:36.657000000Z                          29.8                          3.98                        1737.9                          3.98
2026-07-11T01:57:06.660000000Z                         524.7                          0.48                        1738.1                          0.21
2026-07-11T01:57:36.681000000Z                          29.8                          3.98                        1738.2                          3.98
2026-07-11T01:58:06.696000000Z                          29.8                          4.09                        1737.2                          4.09
2026-07-11T01:58:36.718000000Z                          29.8                          3.84                        1738.2                          3.84
2026-07-11T01:59:06.884000000Z                          29.8                          3.95                        1738.3                          3.95
2026-07-11T01:59:36.890000000Z                          29.8                          4.04                        1737.9                          4.04
2026-07-11T02:00:06.998000000Z                          29.8                          4.08                        1737.6                          4.08
2026-07-11T02:00:36.992000000Z                          29.8                          3.89                        1737.9                          3.89
2026-07-11T02:01:07.143000000Z                          29.8                          4.11                        1737.9                          4.11
2026-07-11T02:01:37.155000000Z                          29.8                          4.08                        1737.6                          4.08
2026-07-11T02:02:07.163000000Z                          29.8                          4.16                        1737.9                          4.16
2026-07-11T02:02:37.259000000Z                          29.8                          4.03                          1738                          4.03
2026-07-11T02:03:07.255000000Z                          29.8                          3.99                        1738.2                          3.99
2026-07-11T02:03:37.259000000Z                          29.8                          4.02                        1737.8                          4.02
2026-07-11T02:04:07.252000000Z                         524.7                           0.5                        1737.8                          0.19
2026-07-11T02:04:37.354000000Z                          29.8                          3.92                        1737.8                          3.92
2026-07-11T02:05:07.437000000Z                          29.8                          3.97                          1738                          3.97
2026-07-11T02:05:37.534000000Z                          29.8                          4.08                        1738.2                          4.08
2026-07-11T02:06:07.513000000Z                         524.7                          0.55                        1737.8                           0.2
2026-07-11T02:06:28.478000000Z                          29.8                          4.54                        1737.5                          4.54
2026-07-11T02:06:58.481000000Z                          29.8                          4.09                        1737.8                          4.09
2026-07-11T02:07:28.592000000Z                          29.8                          3.92                        1737.9                          3.92
2026-07-11T02:07:58.649000000Z                          29.8                           4.1                        1737.9                           4.1
2026-07-11T02:08:28.642000000Z                          29.8                          4.03                        1737.7                          4.03
2026-07-11T02:08:58.683000000Z                          29.8                           4.2                        1737.6                           4.2
2026-07-11T02:09:28.667000000Z                          29.8                          4.04                        1738.3                          4.04
2026-07-11T02:09:58.823000000Z                          29.8                          4.13                          1738                          4.13
2026-07-11T02:10:27.233000000Z                          29.8                           4.5                          1738                           4.5
2026-07-11T02:10:57.283000000Z                          29.8                          3.93                        1737.7                          3.93
2026-07-11T02:11:14.718000000Z                          29.8                          4.53                          1738                          4.53
2026-07-11T02:11:44.792000000Z                          29.8                          4.07                        1737.6                          4.07
2026-07-11T02:12:14.864000000Z                          29.8                          3.97                        1737.6                          3.97
2026-07-11T02:12:44.870000000Z                          29.8                          3.89                        1738.1                          3.89
2026-07-11T02:13:09.106000000Z                          29.8                          4.54                        1737.7                          4.54
2026-07-11T02:13:39.091000000Z                          29.8                          3.88                        1737.6                          3.88
2026-07-11T02:14:09.065000000Z                          29.8                          3.86                          1738                          3.86
2026-07-11T02:14:39.160000000Z                          29.8                          4.24                        1737.8                          4.24
2026-07-11T02:15:09.190000000Z                          29.8                          3.92                        1737.9                          3.92
2026-07-11T02:15:39.285000000Z                          29.8                             4                        1738.2                             4
2026-07-11T02:16:09.274000000Z                          29.8                          4.05                        1738.1                          4.05
2026-07-11T02:16:39.425000000Z                          29.8                          4.24                        1737.7                          4.24
2026-07-11T02:17:09.544000000Z                         524.7                          0.45                          1738                          0.19
2026-07-11T02:17:36.033000000Z                          29.8                          4.54                        1737.9                          4.54
2026-07-11T02:18:06.074000000Z                          29.8                          4.22                        1737.8                          4.22
2026-07-11T02:18:36.136000000Z                          29.8                          3.96                          1738                          3.96
2026-07-11T02:19:06.110000000Z                          29.8                          4.25                        1738.1                          4.25
2026-07-11T02:19:36.143000000Z                          29.8                          4.09                          1738                          4.09
2026-07-11T02:20:06.204000000Z                          29.8                           4.2                        1737.5                           4.2
2026-07-11T02:20:36.192000000Z                          29.8                          4.05                        1737.6                          4.05
2026-07-11T02:21:06.248000000Z                          29.8                          3.88                          1738                          3.88
2026-07-11T02:21:20.245000000Z                          29.8                          4.51                        1738.1                          4.51
2026-07-11T02:21:50.251000000Z                          29.8                          4.12                        1737.8                          4.12
2026-07-11T02:22:20.268000000Z                          29.8                          4.05                        1738.3                          4.05
2026-07-11T02:22:51.145000000Z                          29.8                           4.1                        1737.8                           4.1
2026-07-11T02:23:21.183000000Z                          29.8                          3.86                        1737.9                          3.86
2026-07-11T02:23:51.193000000Z                          29.8                          3.89                          1738                          3.89
2026-07-11T02:24:21.269000000Z                          29.8                          4.09                        1737.8                          4.09
2026-07-11T02:24:51.312000000Z                          29.8                           4.2                        1737.7                           4.2
2026-07-11T02:25:21.480000000Z                          29.8                          3.98                        1738.2                          3.98
2026-07-11T02:25:51.453000000Z                          29.8                          3.98                        1738.6                          3.98
2026-07-11T02:26:21.581000000Z                          29.8                           4.1                        1738.2                           4.1
2026-07-11T02:26:51.543000000Z                          29.8                          4.15                        1738.1                          4.15
2026-07-11T02:27:21.584000000Z                          29.8                          4.06                        1738.2                          4.06
2026-07-11T02:27:51.650000000Z                          29.8                          3.94                        1738.2                          3.94
2026-07-11T02:28:21.786000000Z                          29.8                          4.11                        1738.3                          4.11
2026-07-11T02:28:51.781000000Z                          29.8                          4.18                        1738.5                          4.18
2026-07-11T02:29:21.756000000Z                          29.8                          4.06                          1738                          4.06
2026-07-11T02:29:32.704000000Z                          29.8                          4.55                        1738.3                          4.55
2026-07-11T02:30:02.802000000Z                          29.8                          4.16                        1738.1                          4.16
2026-07-11T02:30:32.900000000Z                          29.8                             4                          1738                             4
2026-07-11T02:31:02.881000000Z                          29.8                          4.06                        1738.1                          4.06
2026-07-11T02:31:32.962000000Z                          29.8                          4.12                          1738                          4.12
2026-07-11T02:32:02.965000000Z                          29.8                          4.08                        1737.5                          4.08
2026-07-11T02:32:23.722000000Z                          29.8                          4.53                        1737.9                          4.53
2026-07-11T02:32:53.865000000Z                         524.7                          0.41                        1737.4                          0.23
2026-07-11T02:33:23.936000000Z                          29.8                          4.02                        1738.1                          4.02
2026-07-11T02:33:54.011000000Z                          29.8                          4.08                        1737.9                          4.08
2026-07-11T02:34:23.970000000Z                          29.8                          4.01                        1738.1                          4.01
2026-07-11T02:34:54.003000000Z                          29.8                          4.15                        1738.1                          4.15
2026-07-11T02:35:24.066000000Z                          29.8                          4.05                        1737.5                          4.05
2026-07-11T02:35:54.114000000Z                          29.8                          4.09                        1737.6                          4.09
2026-07-11T02:36:24.092000000Z                          29.8                          4.06                        1737.9                          4.06
2026-07-11T02:36:54.118000000Z                          29.8                          4.01                        1738.1                          4.01
2026-07-11T02:37:24.108000000Z                          29.8                             4                        1738.1                             4
2026-07-11T02:37:54.161000000Z                          29.8                          4.11                        1737.9                          4.11
2026-07-11T02:38:24.312000000Z                          29.8                          3.98                          1738                          3.98
2026-07-11T02:38:54.338000000Z                          29.8                             4                        1737.7                             4
2026-07-11T02:39:24.411000000Z                          29.8                          4.11                        1737.5                          4.11
2026-07-11T02:39:54.365000000Z                          29.8                          4.05                        1738.2                          4.05
2026-07-11T02:40:24.466000000Z                          29.8                          4.09                        1738.2                          4.09
2026-07-11T02:40:54.461000000Z                          29.8                          3.86                        1737.8                          3.86
2026-07-11T02:41:24.494000000Z                          29.8                          4.08                        1738.1                          4.08
2026-07-11T02:41:54.587000000Z                          29.8                          4.26                        1737.4                          4.26
2026-07-11T02:42:24.754000000Z                          29.8                           4.3                        1737.2                           4.3
2026-07-11T02:42:54.742000000Z                          29.8                          4.23                        1737.5                          4.23
2026-07-11T02:43:24.821000000Z                          29.8                          4.08                        1737.5                          4.08
2026-07-11T02:43:55.272000000Z                          29.8                          3.91                        1737.5                          3.91
2026-07-11T02:44:24.889000000Z                          29.8                          3.92                          1738                          3.92
2026-07-11T02:44:54.853000000Z                          29.8                          4.01                        1737.6                          4.01
2026-07-11T02:45:24.935000000Z                          29.8                          4.19                        1738.1                          4.19
2026-07-11T02:45:54.897000000Z                          29.8                          4.14                        1737.9                          4.14
2026-07-11T02:46:25.072000000Z                          29.8                          4.14                        1737.8                          4.14
2026-07-11T02:46:51.270000000Z                          29.8                          4.54                        1737.5                          4.54
2026-07-11T02:47:21.375000000Z                          29.8                          4.12                        1737.8                          4.12
2026-07-11T02:47:51.316000000Z                          29.8                          4.07                        1737.8                          4.07
2026-07-11T02:48:21.391000000Z                          29.8                          3.88                        1738.1                          3.88
2026-07-11T02:48:51.427000000Z                          29.8                          4.06                        1738.2                          4.06
2026-07-11T02:49:21.382000000Z                          29.8                          4.18                        1738.1                          4.18
2026-07-11T02:49:51.974000000Z                          29.8                          4.01                        1737.7                          4.01
2026-07-11T02:50:21.600000000Z                          29.8                          4.12                        1737.8                          4.12
2026-07-11T02:50:51.708000000Z                          29.8                          4.16                        1737.9                          4.16
2026-07-11T02:51:17.341000000Z                          29.8                          4.53                        1738.4                          4.53
2026-07-11T02:51:47.257000000Z                          29.8                          4.38                        1737.7                          4.38
2026-07-11T02:52:17.377000000Z                          29.8                          3.97                        1737.6                          3.97
2026-07-11T02:52:47.300000000Z                          29.8                          3.94                        1737.7                          3.94
2026-07-11T02:53:17.449000000Z                          29.8                          4.03                        1737.7                          4.03
2026-07-11T02:53:47.464000000Z                         524.7                          4.06                        1737.9                          4.06
2026-07-11T02:54:17.451000000Z                          29.8                          4.17                        1737.9                          4.17
2026-07-11T02:54:47.474000000Z                         524.7                          0.55                        1737.7                          0.19
2026-07-11T02:55:06.795000000Z                          29.8                          4.51                        1737.9                          4.51
2026-07-11T02:55:36.823000000Z                          29.8                          4.34                        1737.4                          4.34
2026-07-11T02:56:06.850000000Z                          29.8                          3.92                        1737.3                          3.92
2026-07-11T02:56:36.888000000Z                          29.8                          3.86                        1737.7                          3.86
2026-07-11T02:57:06.917000000Z                          29.8                          3.94                        1738.2                          3.94
2026-07-11T02:57:37.061000000Z                          29.8                          4.05                        1738.1                          4.05
2026-07-11T02:58:07.169000000Z                          29.8                          3.96                        1738.1                          3.96
2026-07-11T02:58:37.226000000Z                          29.8                          4.17                          1738                          4.17
2026-07-11T02:59:07.287000000Z                          29.8                          4.29                        1737.9                          4.29
2026-07-11T02:59:37.363000000Z                          29.8                          3.99                        1737.6                          3.99
2026-07-11T03:00:07.379000000Z                          29.8                          4.03                        1737.6                          4.03
2026-07-11T03:00:37.412000000Z                          29.8                          3.94                        1738.5                          3.94
2026-07-11T03:01:07.512000000Z                          29.8                          3.96                        1738.2                          3.96
2026-07-11T03:01:37.558000000Z                          29.8                          4.13                          1738                          4.13
2026-07-11T03:02:07.664000000Z                          29.8                          4.08                        1737.7                          4.08
2026-07-11T03:02:37.710000000Z                          29.8                          3.95                        1737.9                          3.95
2026-07-11T03:03:07.770000000Z                          29.8                             4                        1737.9                             4
2026-07-11T03:03:37.803000000Z                          29.8                          4.14                        1738.1                          4.14
2026-07-11T03:04:07.792000000Z                          29.8                          4.15                        1737.9                          4.15
2026-07-11T03:04:37.857000000Z                          29.8                          4.09                        1738.1                          4.09
2026-07-11T03:05:07.922000000Z                          29.8                          3.96                        1738.2                          3.96
2026-07-11T03:05:28.660000000Z                          29.8                          4.54                        1738.4                          4.54
2026-07-11T03:05:58.584000000Z                          29.8                          4.15                        1737.7                          4.15
2026-07-11T03:06:28.708000000Z                          29.8                          4.03                        1738.1                          4.03
2026-07-11T03:06:57.008000000Z                          29.8                          4.52                        1738.4                          4.52
2026-07-11T03:07:27.589000000Z                          29.8                          4.14                        1737.8                          4.14
2026-07-11T03:07:57.176000000Z                          29.8                          4.07                          1738                          4.07
2026-07-11T03:08:27.192000000Z                          29.8                          4.05                        1738.3                          4.05
2026-07-11T03:08:57.297000000Z                          29.8                          3.98                        1738.1                          3.98
2026-07-11T03:09:27.323000000Z                          29.8                          4.14                        1738.4                          4.14
2026-07-11T03:09:57.246000000Z                          29.8                          4.02                        1738.1                          4.02
2026-07-11T03:10:27.297000000Z                          29.8                          4.02                        1738.5                          4.02
2026-07-11T03:10:57.400000000Z                          29.8                          3.98                        1738.5                          3.98
2026-07-11T03:11:27.401000000Z                          29.8                          4.02                        1738.3                          4.02
2026-07-11T03:11:57.396000000Z                          29.8                          3.97                        1738.3                          3.97
2026-07-11T03:12:27.527000000Z                          29.8                          4.18                        1738.1                          4.18
2026-07-11T03:12:57.468000000Z                          29.8                          3.93                        1737.8                          3.93
2026-07-11T03:13:15.113000000Z                          29.8                          4.57                        1738.4                          4.57
2026-07-11T03:13:45.127000000Z                          29.8                          4.32                          1738                          4.32
2026-07-11T03:14:15.255000000Z                          29.8                           3.9                          1738                           3.9
2026-07-11T03:14:45.184000000Z                          29.8                          3.92                        1738.1                          3.92
2026-07-11T03:15:15.245000000Z                          29.8                          4.09                        1738.1                          4.09
2026-07-11T03:15:45.298000000Z                          29.8                          4.05                        1738.1                          4.05
2026-07-11T03:16:15.325000000Z                          29.8                          4.06                          1738                          4.06
2026-07-11T03:16:45.383000000Z                          29.8                          4.01                        1738.4                          4.01
2026-07-11T03:17:00.853000000Z                          29.8                          4.69                        1737.8                          4.69
2026-07-11T03:17:30.957000000Z                          29.8                          4.15                          1738                          4.15
2026-07-11T03:18:00.954000000Z                          29.8                          3.95                        1738.1                          3.95
2026-07-11T03:18:31.034000000Z                          29.8                          4.08                        1738.2                          4.08
2026-07-11T03:18:41.140000000Z                          29.8                          4.51                        1737.9                          4.51
2026-07-11T03:18:55.552000000Z                          29.8                           4.5                        1737.8                           4.5
2026-07-11T03:19:25.634000000Z                          29.8                          4.13                        1737.9                          4.13
2026-07-11T03:19:55.588000000Z                          29.8                          4.01                        1738.3                          4.01
2026-07-11T03:20:25.737000000Z                          29.8                          4.09                        1738.4                          4.09
2026-07-11T03:20:55.757000000Z                          29.8                          4.22                        1737.6                          4.22
2026-07-11T03:21:25.750000000Z                          29.8                          3.94                        1737.7                          3.94
2026-07-11T03:21:56.333000000Z                          29.8                          3.91                        1738.1                          3.91
2026-07-11T03:22:25.903000000Z                          29.8                          4.08                          1738                          4.08
2026-07-11T03:22:56.478000000Z                          29.8                          4.09                        1737.9                          4.09
2026-07-11T03:23:20.093000000Z                          29.8                          4.53                        1738.2                          4.53
2026-07-11T03:23:50.116000000Z                          29.8                          4.34                        1737.5                          4.34
2026-07-11T03:24:20.198000000Z                          29.8                          4.03                        1737.9                          4.03
2026-07-11T03:24:50.173000000Z                          29.8                          4.08                        1738.1                          4.08
2026-07-11T03:25:20.333000000Z                          29.8                           3.8                        1737.8                           3.8
2026-07-11T03:25:51.263000000Z                          29.8                          3.95                        1737.7                          3.95
2026-07-11T03:26:21.232000000Z                          29.8                          3.83                          1738                          3.83
2026-07-11T03:26:51.294000000Z                          29.8                          3.97                        1738.1                          3.97
2026-07-11T03:27:21.375000000Z                          29.8                          4.05                        1738.3                          4.05
2026-07-11T03:27:51.417000000Z                          29.8                          4.05                        1737.9                          4.05
2026-07-11T03:28:21.556000000Z                          29.8                          3.98                        1738.2                          3.98
2026-07-11T03:28:51.565000000Z                          29.8                          3.92                          1738                          3.92
2026-07-11T03:29:21.744000000Z                          29.8                          4.09                        1738.3                          4.09
2026-07-11T03:29:51.575000000Z                          29.8                          4.51                        1737.9                          4.51
2026-07-11T03:30:19.353000000Z                          29.8                           4.5                        1737.9                           4.5
2026-07-11T03:30:49.384000000Z                         524.7                          0.63                        1738.2                           0.2
2026-07-11T03:31:19.473000000Z                          29.8                          4.19                        1738.2                          4.19
2026-07-11T03:31:49.559000000Z                          29.8                           4.1                        1738.3                           4.1
2026-07-11T03:32:19.570000000Z                          29.8                           4.2                        1737.4                           4.2
2026-07-11T03:32:50.115000000Z                          29.8                          4.01                        1738.3                          4.01
2026-07-11T03:33:19.765000000Z                          29.8                          4.02                        1738.3                          4.02
2026-07-11T03:33:50.160000000Z                          29.8                          4.42                        1738.4                          4.42
2026-07-11T03:34:20.262000000Z                          29.8                           4.2                        1738.3                           4.2
2026-07-11T03:34:51.250000000Z                          29.8                          3.98                        1738.6                          3.98
2026-07-11T03:35:21.258000000Z                          29.8                          4.05                        1738.3                          4.05
2026-07-11T03:35:41.134000000Z                          29.8                          4.52                          1738                          4.52
2026-07-11T03:36:11.208000000Z                          29.8                          4.14                        1737.9                          4.14
2026-07-11T03:36:41.105000000Z                          29.8                             4                        1738.4                             4
2026-07-11T03:36:53.241000000Z                          29.8                          4.53                        1737.6                          4.53
2026-07-11T03:37:23.364000000Z                          29.8                          3.94                          1738                          3.94
2026-07-11T03:37:53.320000000Z                          29.8                          3.93                        1738.3                          3.93
2026-07-11T03:38:23.320000000Z                          29.8                          3.96                        1738.2                          3.96
2026-07-11T03:38:53.366000000Z                          29.8                          4.11                        1737.6                          4.11
2026-07-11T03:39:23.470000000Z                          29.8                          4.28                        1737.9                          4.28
2026-07-11T03:39:53.507000000Z                          29.8                          3.92                        1738.1                          3.92
2026-07-11T03:40:23.596000000Z                          29.8                          4.18                        1738.3                          4.18
2026-07-11T03:40:53.666000000Z                          29.8                          4.16                        1738.1                          4.16
2026-07-11T03:41:24.157000000Z                          29.8                          0.62                          1738                          0.19
2026-07-11T03:41:53.750000000Z                          29.8                          3.86                          1738                          3.86
2026-07-11T03:42:14.100000000Z                          29.8                          4.53                        1738.3                          4.53
2026-07-11T03:42:44.113000000Z                          29.8                          4.28                        1737.7                          4.28
2026-07-11T03:43:14.217000000Z                         524.7                          0.63                        1737.6                           0.2
2026-07-11T03:43:28.931000000Z                          29.8                          4.52                        1737.9                          4.52
2026-07-11T03:43:58.931000000Z                          29.8                          4.11                        1737.7                          4.11
2026-07-11T03:44:28.916000000Z                          29.8                          3.99                        1737.8                          3.99
2026-07-11T03:44:58.918000000Z                          29.8                          3.91                          1738                          3.91
2026-07-11T03:45:29.037000000Z                          29.8                          3.96                        1738.1                          3.96
2026-07-11T03:45:59.159000000Z                          29.8                          4.21                        1738.2                          4.21
2026-07-11T03:46:29.178000000Z                          29.8                          4.23                        1737.7                          4.23
2026-07-11T03:46:59.253000000Z                         524.7                          0.39                        1737.9                          0.19
2026-07-11T03:47:29.252000000Z                          29.8                          3.98                          1738                          3.98
2026-07-11T03:47:59.311000000Z                          29.8                          3.84                        1738.1                          3.84
2026-07-11T03:48:29.456000000Z                          29.8                          4.04                        1738.1                          4.04
2026-07-11T03:48:59.448000000Z                          29.8                          3.97                        1738.2                          3.97
2026-07-11T03:49:29.601000000Z                          29.8                          3.99                        1737.9                          3.99
2026-07-11T03:49:59.567000000Z                          29.8                          3.98                        1738.2                          3.98
2026-07-11T03:50:29.554000000Z                          29.8                           4.1                        1737.9                           4.1
2026-07-11T03:50:59.689000000Z                          29.8                          3.95                        1737.5                          3.95
2026-07-11T03:51:29.721000000Z                          29.8                          3.98                        1737.7                          3.98
2026-07-11T03:51:59.868000000Z                          29.8                          3.94                        1737.7                          3.94
2026-07-11T03:52:29.967000000Z                          29.8                          3.88                          1738                          3.88
2026-07-11T03:53:00.055000000Z                          29.8                          3.99                        1738.1                          3.99
2026-07-11T03:53:30.110000000Z                          29.8                          4.08                          1738                          4.08
2026-07-11T03:54:00.149000000Z                          29.8                          4.03                          1738                          4.03
2026-07-11T03:54:30.234000000Z                          29.8                           4.5                        1738.1                           4.5
2026-07-11T03:55:00.359000000Z                          29.8                          4.06                        1737.8                          4.06
2026-07-11T03:55:30.388000000Z                          29.8                          4.13                        1737.7                          4.13
2026-07-11T03:56:00.478000000Z                          29.8                          3.97                        1738.4                          3.97
2026-07-11T03:56:30.451000000Z                          29.8                          3.98                        1738.3                          3.98
2026-07-11T03:57:00.584000000Z                          29.8                          4.03                        1738.2                          4.03
2026-07-11T03:57:30.704000000Z                          29.8                           4.2                        1738.1                           4.2
2026-07-11T03:58:00.757000000Z                          29.8                          3.93                        1737.9                          3.93
2026-07-11T03:58:30.833000000Z                          29.8                          3.96                        1738.5                          3.96
2026-07-11T03:59:00.961000000Z                          29.8                          4.04                        1738.2                          4.04
2026-07-11T03:59:31.030000000Z                          29.8                          3.98                        1738.2                          3.98
2026-07-11T04:00:01.082000000Z                          29.8                          4.05                        1737.8                          4.05
2026-07-11T04:00:31.118000000Z                          29.8                          3.88                        1738.4                          3.88
2026-07-11T04:01:01.152000000Z                          29.8                          4.01                          1738                          4.01
2026-07-11T04:01:31.223000000Z                          29.8                          4.19                        1738.3                          4.19
2026-07-11T04:02:01.342000000Z                          29.8                          3.99                        1738.4                          3.99
2026-07-11T04:02:31.333000000Z                          29.8                          4.34                        1737.8                          4.34
2026-07-11T04:03:01.406000000Z                          29.8                          3.88                        1738.5                          3.88
2026-07-11T04:03:31.588000000Z                          29.8                           3.9                        1738.7                           3.9
2026-07-11T04:04:02.013000000Z                          29.8                          4.27                        1737.9                          4.27
2026-07-11T04:04:31.614000000Z                          29.8                          3.96                          1738                          3.96
2026-07-11T04:05:01.616000000Z                          29.8                          3.93                        1738.4                          3.93
2026-07-11T04:05:24.517000000Z                          29.8                          4.52                        1737.9                          4.52
2026-07-11T04:05:54.605000000Z                          29.8                          4.04                          1738                          4.04
2026-07-11T04:06:24.591000000Z                          29.8                          4.05                        1738.5                          4.05
2026-07-11T04:06:45.382000000Z                          29.8                          4.55                        1738.3                          4.55
2026-07-11T04:07:11.523000000Z                          29.8                          4.52                        1738.1                          4.52
2026-07-11T04:07:41.651000000Z                          29.8                          4.08                        1738.5                          4.08
2026-07-11T04:08:11.787000000Z                          29.8                          4.01                        1738.1                          4.01
2026-07-11T04:08:41.677000000Z                          29.8                          4.01                        1738.2                          4.01
2026-07-11T04:09:11.820000000Z                          29.8                          4.14                        1738.1                          4.14
2026-07-11T04:09:41.814000000Z                          29.8                          4.05                        1738.6                          4.05
2026-07-11T04:10:11.786000000Z                          29.8                          3.82                        1738.4                          3.82
2026-07-11T04:10:41.802000000Z                          29.8                          4.09                        1738.6                          4.09
2026-07-11T04:11:10.841000000Z                          29.8                           4.5                        1738.5                           4.5
2026-07-11T04:11:40.922000000Z                          29.8                          4.01                        1737.9                          4.01
2026-07-11T04:12:11.015000000Z                          29.8                          3.95                        1738.5                          3.95
2026-07-11T04:12:41.032000000Z                          29.8                          4.13                        1738.5                          4.13
2026-07-11T04:13:11.164000000Z                          29.8                          4.21                        1738.2                          4.21
2026-07-11T04:13:41.059000000Z                          29.8                          4.04                        1738.8                          4.04
2026-07-11T04:13:56.873000000Z                          29.8                          4.55                        1738.4                          4.55
2026-07-11T04:14:26.906000000Z                          29.8                          4.07                        1737.9                          4.07
2026-07-11T04:14:56.961000000Z                          29.8                          4.19                        1737.9                          4.19
2026-07-11T04:15:27.021000000Z                          29.8                          3.98                        1738.4                          3.98
2026-07-11T04:15:56.996000000Z                          29.8                          3.93                        1738.6                          3.93
2026-07-11T04:16:27.060000000Z                          29.8                          4.06                        1738.6                          4.06
2026-07-11T04:16:57.116000000Z                          29.8                          3.97                        1738.4                          3.97
2026-07-11T04:17:27.266000000Z                          29.8                          4.16                        1738.9                          4.16
2026-07-11T04:17:57.240000000Z                          29.8                          3.91                        1738.4                          3.91
2026-07-11T04:18:27.318000000Z                          29.8                          3.95                        1738.6                          3.95
2026-07-11T04:18:57.278000000Z                          29.8                           4.2                        1738.6                           4.2
2026-07-11T04:19:27.321000000Z                          29.8                           4.2                        1737.7                           4.2
2026-07-11T04:19:57.452000000Z                          29.8                          4.21                        1738.4                          4.21
2026-07-11T04:20:27.500000000Z                          29.8                          3.99                        1738.5                          3.99
2026-07-11T04:20:57.479000000Z                          29.8                          4.16                        1738.4                          4.16
2026-07-11T04:21:27.548000000Z                          29.8                          4.07                        1738.1                          4.07
2026-07-11T04:21:57.598000000Z                          29.8                          4.03                        1738.5                          4.03
2026-07-11T04:22:18.393000000Z                          29.8                          4.54                        1738.4                          4.54
2026-07-11T04:22:48.485000000Z                          29.8                          4.03                        1738.5                          4.03
2026-07-11T04:23:00.698000000Z                          29.8                          4.51                        1738.4                          4.51
2026-07-11T04:23:30.642000000Z                          29.8                          4.14                        1738.8                          4.14
2026-07-11T04:24:00.603000000Z                          29.8                          3.95                        1738.5                          3.95
2026-07-11T04:24:30.704000000Z                          29.8                          4.09                        1738.2                          4.09
2026-07-11T04:25:00.770000000Z                          29.8                          3.86                        1738.5                          3.86
2026-07-11T04:25:30.842000000Z                          29.8                          3.92                          1738                          3.92
2026-07-11T04:26:00.964000000Z                          29.8                          4.11                        1738.1                          4.11
2026-07-11T04:26:31.013000000Z                          29.8                          4.06                        1737.6                          4.06
2026-07-11T04:27:01.066000000Z                          29.8                          3.79                        1737.9                          3.79
2026-07-11T04:27:31.121000000Z                          29.8                          3.87                        1737.9                          3.87
2026-07-11T04:28:01.159000000Z                          29.8                          4.03                        1738.1                          4.03
2026-07-11T04:28:31.145000000Z                          29.8                          4.43                        1737.7                          4.43
2026-07-11T04:29:01.345000000Z                          29.8                          4.21                        1737.8                          4.21
2026-07-11T04:29:31.303000000Z                          29.8                          3.85                        1738.2                          3.85
2026-07-11T04:30:01.414000000Z                          29.8                          4.04                          1738                          4.04
2026-07-11T04:30:31.546000000Z                          29.8                          4.04                        1737.7                          4.04
2026-07-11T04:31:01.618000000Z                          29.8                          4.06                        1737.5                          4.06
2026-07-11T04:31:31.668000000Z                          29.8                          3.87                        1738.2                          3.87
2026-07-11T04:31:46.810000000Z                          29.8                          4.57                          1738                          4.57
2026-07-11T04:32:16.865000000Z                          29.8                          4.04                        1737.9                          4.04
2026-07-11T04:32:46.926000000Z                          29.8                             4                        1738.1                             4
2026-07-11T04:33:16.996000000Z                          29.8                          3.99                        1738.3                          3.99
2026-07-11T04:33:47.130000000Z                          29.8                           4.3                        1738.2                           4.3
2026-07-11T04:34:08.446000000Z                          29.8                          4.58                        1738.4                          4.58
2026-07-11T04:34:38.530000000Z                          29.8                          3.97                        1738.7                          3.97
2026-07-11T04:34:57.345000000Z                          29.8                          4.56                        1738.5                          4.56
2026-07-11T04:35:27.376000000Z                          29.8                          4.05                        1738.2                          4.05
2026-07-11T04:35:57.347000000Z                          29.8                          4.05                        1738.6                          4.05
2026-07-11T04:36:27.390000000Z                          29.8                          4.15                        1738.5                          4.15
2026-07-11T04:36:57.486000000Z                          29.8                          4.14                        1738.4                          4.14
2026-07-11T04:37:27.515000000Z                          29.8                          3.95                        1738.3                          3.95
2026-07-11T04:37:57.546000000Z                          29.8                          4.02                        1737.7                          4.02
2026-07-11T04:38:27.637000000Z                          29.8                          3.97                        1738.1                          3.97
2026-07-11T04:38:57.647000000Z                          29.8                          4.09                        1738.2                          4.09
2026-07-11T04:39:27.820000000Z                          29.8                          3.97                        1737.9                          3.97
2026-07-11T04:39:57.939000000Z                          29.8                          3.99                          1738                          3.99
2026-07-11T04:40:27.986000000Z                          29.8                          4.21                        1738.3                          4.21
2026-07-11T04:40:58.043000000Z                          29.8                          4.04                          1738                          4.04
2026-07-11T04:41:28.027000000Z                          29.8                          3.96                        1738.2                          3.96
2026-07-11T04:41:58.031000000Z                          29.8                          3.95                        1738.1                          3.95
2026-07-11T04:42:28.014000000Z                          29.8                          4.07                        1738.1                          4.07
2026-07-11T04:42:58.149000000Z                          29.8                          4.11                        1737.6                          4.11
2026-07-11T04:43:28.212000000Z                          29.8                          3.95                        1738.1                          3.95
2026-07-11T04:43:58.294000000Z                          29.8                          4.04                        1738.1                          4.04
2026-07-11T04:44:28.365000000Z                         524.7                          0.41                        1737.6                          0.19
2026-07-11T04:44:51.374000000Z                          29.8                          4.57                        1738.3                          4.57
2026-07-11T04:45:02.928000000Z                          29.8                          4.54                        1738.3                          4.54
2026-07-11T04:45:31.887000000Z                          29.8                          4.59                        1737.9                          4.59
2026-07-11T04:46:01.802000000Z                          29.8                          4.02                        1738.4                          4.02
2026-07-11T04:46:31.881000000Z                          29.8                          4.09                        1738.5                          4.09
2026-07-11T04:47:01.867000000Z                          29.8                          4.06                        1738.1                          4.06
2026-07-11T04:47:16.515000000Z                          29.8                          4.55                        1738.3                          4.55
2026-07-11T04:47:46.687000000Z                          29.8                          3.96                        1738.5                          3.96
2026-07-11T04:48:01.828000000Z                          29.8                          4.52                        1738.1                          4.52
2026-07-11T04:48:31.889000000Z                          29.8                          3.86                        1738.1                          3.86
2026-07-11T04:49:01.928000000Z                          29.8                          4.05                        1738.4                          4.05
2026-07-11T04:49:32.085000000Z                          29.8                          4.08                        1737.8                          4.08
2026-07-11T04:50:02.146000000Z                          29.8                          3.92                        1738.4                          3.92
2026-07-11T04:50:32.181000000Z                          29.8                          4.05                        1738.2                          4.05
2026-07-11T04:51:02.130000000Z                          29.8                          4.39                          1738                          4.39
2026-07-11T04:51:32.181000000Z                          29.8                          4.35                        1738.3                          4.35
2026-07-11T04:52:02.192000000Z                          29.8                          4.09                        1738.1                          4.09
2026-07-11T04:52:32.226000000Z                          29.8                          4.12                        1737.7                          4.12
2026-07-11T04:53:02.250000000Z                          29.8                          3.97                        1738.3                          3.97
2026-07-11T04:53:32.282000000Z                          29.8                          4.08                          1738                          4.08
2026-07-11T04:54:02.341000000Z                          29.8                          4.12                        1738.5                          4.12
2026-07-11T04:54:32.326000000Z                          29.8                          3.95                        1738.3                          3.95
2026-07-11T04:55:02.317000000Z                          29.8                          4.07                        1738.4                          4.07
2026-07-11T04:55:32.455000000Z                          29.8                          3.83                        1738.6                          3.83
2026-07-11T04:56:02.457000000Z                          29.8                          4.01                        1738.6                          4.01
2026-07-11T04:56:32.597000000Z                          29.8                          3.98                        1738.2                          3.98
2026-07-11T04:57:02.556000000Z                          29.8                          4.03                        1738.4                          4.03
2026-07-11T04:57:32.700000000Z                          29.8                          4.37                        1738.1                          4.37
2026-07-11T04:58:02.617000000Z                          29.8                          3.93                        1738.2                          3.93
2026-07-11T04:58:32.709000000Z                          29.8                          4.25                        1738.5                          4.25
2026-07-11T04:59:02.712000000Z                          29.8                          4.06                        1738.7                          4.06
2026-07-11T04:59:32.699000000Z                          29.8                          4.05                        1738.4                          4.05
2026-07-11T05:00:02.856000000Z                         524.7                          0.43                        1737.8                          0.18
2026-07-11T05:00:17.581000000Z                          29.8                          4.51                          1738                          4.51
2026-07-11T05:00:48.160000000Z                          29.8                          4.21                        1738.3                          4.21
2026-07-11T05:01:17.656000000Z                          29.8                          4.06                        1738.3                          4.06
2026-07-11T05:01:47.794000000Z                          29.8                          4.03                        1737.8                          4.03
2026-07-11T05:02:17.901000000Z                          29.8                          4.06                        1738.4                          4.06
2026-07-11T05:02:47.804000000Z                          29.8                           4.2                        1738.6                           4.2
2026-07-11T05:03:17.967000000Z                          29.8                          4.26                        1738.2                          4.26
2026-07-11T05:03:45.142000000Z                          29.8                          4.53                        1738.5                          4.53
2026-07-11T05:04:15.098000000Z                          29.8                           3.9                        1738.4                           3.9
2026-07-11T05:04:45.159000000Z                          29.8                          3.91                        1738.2                          3.91
2026-07-11T05:04:59.684000000Z                          29.8                          4.55                        1738.4                          4.55
2026-07-11T05:05:29.732000000Z                          29.8                             4                        1738.4                             4
2026-07-11T05:05:59.849000000Z                          29.8                          3.91                        1738.2                          3.91
2026-07-11T05:06:29.818000000Z                          29.8                          4.03                        1738.4                          4.03
2026-07-11T05:06:59.899000000Z                          29.8                           3.9                        1738.9                           3.9
2026-07-11T05:07:30.375000000Z                          29.8                          3.99                        1738.1                          3.99
2026-07-11T05:07:59.997000000Z                          29.8                          4.04                        1738.8                          4.04
2026-07-11T05:08:30.116000000Z                          29.8                          3.91                        1738.4                          3.91
2026-07-11T05:09:00.030000000Z                          29.8                          3.99                        1738.7                          3.99
2026-07-11T05:09:30.110000000Z                          29.8                          3.97                        1738.3                          3.97
2026-07-11T05:10:00.143000000Z                          29.8                          4.12                        1738.7                          4.12
2026-07-11T05:10:30.266000000Z                          29.8                          4.06                        1738.3                          4.06
2026-07-11T05:11:00.344000000Z                          29.8                          4.18                        1738.3                          4.18
2026-07-11T05:11:28.067000000Z                          29.8                          4.51                        1738.5                          4.51
2026-07-11T05:11:58.195000000Z                          29.8                          4.31                        1738.1                          4.31
2026-07-11T05:12:28.239000000Z                          29.8                          4.24                        1738.4                          4.24
2026-07-11T05:12:58.154000000Z                          29.8                          4.05                        1738.1                          4.05
2026-07-11T05:13:29.453000000Z                          29.8                          4.05                        1738.3                          4.05
2026-07-11T05:14:00.596000000Z                          29.8                          4.14                        1738.1                          4.14
2026-07-11T05:14:30.718000000Z                          29.8                          4.19                        1738.5                          4.19
2026-07-11T05:15:00.687000000Z                          29.8                          4.02                        1738.3                          4.02
2026-07-11T05:15:30.758000000Z                          29.8                           4.1                        1738.4                           4.1
2026-07-11T05:16:00.766000000Z                          29.8                          4.38                        1738.2                          4.38
2026-07-11T05:16:16.918000000Z                          29.8                          4.52                        1738.5                          4.52
2026-07-11T05:16:46.995000000Z                          29.8                          4.09                        1738.4                          4.09
2026-07-11T05:17:16.950000000Z                          29.8                          4.13                        1738.2                          4.13
2026-07-11T05:17:46.983000000Z                          29.8                          3.84                        1738.4                          3.84
2026-07-11T05:18:17.010000000Z                          29.8                          4.27                        1738.4                          4.27
2026-07-11T05:18:47.136000000Z                          29.8                          3.95                        1738.3                          3.95
2026-07-11T05:19:17.214000000Z                          29.8                          4.03                        1738.3                          4.03
2026-07-11T05:19:47.270000000Z                          29.8                          3.96                        1738.3                          3.96
2026-07-11T05:20:17.390000000Z                          29.8                          4.11                        1738.3                          4.11
2026-07-11T05:20:47.504000000Z                          29.8                          4.01                        1738.3                          4.01
2026-07-11T05:21:17.552000000Z                          29.8                          3.94                        1738.5                          3.94
2026-07-11T05:21:47.579000000Z                          29.8                          4.25                        1738.3                          4.25
2026-07-11T05:22:17.609000000Z                          29.8                          4.04                        1738.2                          4.04
2026-07-11T05:22:47.671000000Z                          29.8                          3.98                        1738.2                          3.98
2026-07-11T05:23:17.796000000Z                          29.8                          4.03                        1738.1                          4.03
2026-07-11T05:23:47.899000000Z                          29.8                          3.91                        1738.1                          3.91
2026-07-11T05:24:17.971000000Z                          29.8                          4.03                        1739.1                          4.03
2026-07-11T05:24:48.473000000Z                          29.8                          4.04                        1738.2                          4.04
2026-07-11T05:25:18.015000000Z                          29.8                           4.2                        1738.5                           4.2
2026-07-11T05:25:48.027000000Z                          29.8                           4.1                        1738.3                           4.1
2026-07-11T05:26:18.146000000Z                          29.8                          4.19                        1738.3                          4.19
2026-07-11T05:26:48.126000000Z                          29.8                           4.3                          1738                           4.3
2026-07-11T05:27:18.175000000Z                          29.8                          3.94                        1738.4                          3.94
2026-07-11T05:27:48.171000000Z                          29.8                          4.13                        1738.3                          4.13
2026-07-11T05:28:18.216000000Z                          29.8                          4.03                        1738.6                          4.03
2026-07-11T05:28:48.276000000Z                          29.8                          4.22                        1738.3                          4.22
2026-07-11T05:29:18.313000000Z                          29.8                          4.05                        1738.6                          4.05
2026-07-11T05:29:48.294000000Z                          29.8                          4.05                        1738.4                          4.05
2026-07-11T05:30:18.381000000Z                          29.8                          4.19                        1738.4                          4.19
2026-07-11T05:30:48.376000000Z                          29.8                          4.19                        1738.6                          4.19
2026-07-11T05:31:18.514000000Z                          29.8                          4.08                        1738.7                          4.08
2026-07-11T05:31:48.459000000Z                          29.8                          4.16                        1738.4                          4.16
2026-07-11T05:32:18.503000000Z                          29.8                          3.91                        1738.5                          3.91
2026-07-11T05:32:48.507000000Z                          29.8                          4.12                        1738.1                          4.12
2026-07-11T05:33:18.638000000Z                          29.8                          3.99                        1738.4                          3.99
2026-07-11T05:33:48.677000000Z                          29.8                          4.03                        1738.7                          4.03
2026-07-11T05:34:18.729000000Z                          29.8                          4.09                        1738.4                          4.09
2026-07-11T05:34:48.789000000Z                          29.8                          4.25                        1738.5                          4.25
2026-07-11T05:35:18.919000000Z                          29.8                          4.11                        1737.8                          4.11
2026-07-11T05:35:48.941000000Z                          29.8                          4.04                        1738.1                          4.04
2026-07-11T05:36:10.855000000Z                          29.8                          4.51                        1737.8                          4.51
2026-07-11T05:36:40.942000000Z                         524.7                          4.17                        1738.3                          4.17
2026-07-11T05:37:11.087000000Z                          29.8                          4.19                        1737.8                          4.19
2026-07-11T05:37:41.093000000Z                          29.8                          4.02                        1738.7                          4.02
2026-07-11T05:38:11.235000000Z                          29.8                          4.23                        1738.1                          4.23
2026-07-11T05:38:41.282000000Z                          29.8                          4.15                        1738.4                          4.15
2026-07-11T05:39:11.275000000Z                          29.8                          4.09                        1738.2                          4.09
2026-07-11T05:39:41.340000000Z                          29.8                          4.21                        1738.3                          4.21
2026-07-11T05:39:55.116000000Z                          29.8                          4.51                        1738.1                          4.51
2026-07-11T05:40:25.281000000Z                          29.8                          4.03                        1738.2                          4.03
2026-07-11T05:40:55.325000000Z                          29.8                          4.14                        1738.4                          4.14
2026-07-11T05:41:25.396000000Z                          29.8                           3.9                        1738.5                           3.9
2026-07-11T05:41:55.447000000Z                          29.8                          4.16                        1738.5                          4.16
2026-07-11T05:42:25.420000000Z                          29.8                          4.12                          1738                          4.12
2026-07-11T05:42:55.407000000Z                          29.8                          4.38                        1738.3                          4.38
2026-07-11T05:43:25.585000000Z                          29.8                          4.16                        1738.3                          4.16
2026-07-11T05:43:55.556000000Z                          29.8                          4.09                        1738.2                          4.09
2026-07-11T05:44:25.660000000Z                          29.8                          4.09                          1738                          4.09
2026-07-11T05:44:55.702000000Z                          29.8                          4.16                        1738.3                          4.16
2026-07-11T05:45:25.720000000Z                          29.8                          4.03                        1738.7                          4.03
2026-07-11T05:45:55.712000000Z                          29.8                          4.21                        1738.6                          4.21
2026-07-11T05:46:07.453000000Z                          29.8                          4.59                        1737.8                          4.59
2026-07-11T05:46:37.419000000Z                          29.8                          3.82                        1738.3                          3.82
2026-07-11T05:47:07.422000000Z                          29.8                          4.19                        1737.9                          4.19
2026-07-11T05:47:30.323000000Z                          29.8                          4.54                        1738.3                          4.54
2026-07-11T05:48:00.422000000Z                          29.8                          3.94                        1738.5                          3.94
2026-07-11T05:48:30.985000000Z                          29.8                          4.06                        1738.2                          4.06
2026-07-11T05:49:00.504000000Z                          29.8                             4                        1738.6                             4
2026-07-11T05:49:30.638000000Z                          29.8                          4.18                          1738                          4.18
2026-07-11T05:50:23.253000000Z                          29.8                          4.06                        1738.3                          4.06
2026-07-11T05:50:35.876000000Z                          29.8                           4.2                          1738                           4.2
2026-07-11T05:51:05.870000000Z                          29.8                          4.16                        1738.3                          4.16
2026-07-11T05:51:16.168000000Z                          29.8                          4.52                        1738.5                          4.52
2026-07-11T05:51:46.158000000Z                          29.8                          4.26                        1738.6                          4.26
2026-07-11T05:52:16.184000000Z                          29.8                          4.19                        1738.6                          4.19
2026-07-11T05:52:46.298000000Z                          29.8                          3.91                        1738.4                          3.91
2026-07-11T05:53:16.369000000Z                          29.8                          4.14                        1738.3                          4.14
2026-07-11T05:53:46.375000000Z                          29.8                          4.05                        1738.8                          4.05
2026-07-11T05:54:16.439000000Z                          29.8                          4.25                        1738.1                          4.25
2026-07-11T05:54:46.528000000Z                          29.8                             4                        1738.6                             4
2026-07-11T05:54:58.431000000Z                          29.8                          4.52                        1738.2                          4.52
2026-07-11T05:55:23.762000000Z                          29.8                          4.54                        1738.6                          4.54
2026-07-11T05:55:53.844000000Z                          29.8                          3.93                          1739                          3.93
2026-07-11T05:56:23.932000000Z                          29.8                          4.22                        1738.5                          4.22
2026-07-11T05:56:53.881000000Z                          29.8                          3.97                        1738.5                          3.97
2026-07-11T05:57:23.952000000Z                          29.8                          4.28                        1738.2                          4.28
2026-07-11T05:57:53.994000000Z                          29.8                          4.02                        1738.2                          4.02
2026-07-11T05:58:24.101000000Z                          29.8                          4.04                        1738.1                          4.04
2026-07-11T05:58:54.122000000Z                          29.8                          3.95                        1738.3                          3.95
2026-07-11T05:59:24.230000000Z                          29.8                          4.17                        1738.2                          4.17
2026-07-11T05:59:54.214000000Z                          29.8                          4.13                        1738.5                          4.13
2026-07-11T06:00:24.252000000Z                          29.8                          3.96                        1738.3                          3.96
2026-07-11T06:00:54.252000000Z                          29.8                          4.23                        1738.3                          4.23
2026-07-11T06:01:04.677000000Z                          29.8                          4.57                          1738                          4.57
2026-07-11T06:01:34.685000000Z                          29.8                          4.24                        1738.3                          4.24
2026-07-11T06:02:03.652000000Z                          29.8                          4.59                        1738.2                          4.59
2026-07-11T06:02:33.735000000Z                          29.8                          4.24                        1738.6                          4.24
2026-07-11T06:03:03.767000000Z                          29.8                          4.12                          1738                          4.12
2026-07-11T06:03:33.845000000Z                          29.8                          4.24                        1738.3                          4.24
2026-07-11T06:04:03.946000000Z                          29.8                          4.08                        1738.5                          4.08
2026-07-11T06:04:34.004000000Z                          29.8                          4.19                        1738.4                          4.19
2026-07-11T06:05:38.437000000Z                          29.8                          4.13                        1738.5                          4.13
2026-07-11T06:05:51.760000000Z                          29.8                          3.96                        1738.7                          3.96
2026-07-11T06:06:18.496000000Z                          29.8                          4.55                        1738.2                          4.55
2026-07-11T06:06:48.551000000Z                          29.8                          4.19                        1738.6                          4.19
2026-07-11T06:07:18.636000000Z                          29.8                          4.03                        1738.7                          4.03
2026-07-11T06:07:48.598000000Z                          29.8                          4.16                        1738.2                          4.16
2026-07-11T06:08:18.718000000Z                          29.8                          4.22                        1738.5                          4.22
2026-07-11T06:08:48.801000000Z                          29.8                           4.2                        1738.1                           4.2
2026-07-11T06:09:18.884000000Z                          29.8                          3.99                        1738.4                          3.99
2026-07-11T06:09:28.954000000Z                          29.8                          4.61                          1738                          4.61
2026-07-11T06:09:41.134000000Z                          29.8                          4.54                        1738.3                          4.54
2026-07-11T06:10:11.272000000Z                          29.8                          4.08                        1738.4                          4.08
2026-07-11T06:10:41.325000000Z                          29.8                          4.23                          1738                          4.23
2026-07-11T06:11:11.385000000Z                          29.8                          3.94                        1738.6                          3.94
2026-07-11T06:11:41.464000000Z                          29.8                          4.02                        1738.1                          4.02
2026-07-11T06:12:11.603000000Z                          29.8                          3.92                        1738.4                          3.92
2026-07-11T06:12:41.661000000Z                          29.8                          4.36                        1738.1                          4.36
2026-07-11T06:13:11.765000000Z                          29.8                          3.98                        1738.4                          3.98
2026-07-11T06:13:41.833000000Z                          29.8                          3.99                        1737.8                          3.99
2026-07-11T06:14:11.861000000Z                          29.8                          4.25                        1738.5                          4.25
2026-07-11T06:14:41.933000000Z                          29.8                          4.11                        1738.2                          4.11
2026-07-11T06:15:12.070000000Z                          29.8                          4.09                        1738.6                          4.09
2026-07-11T06:15:42.099000000Z                          29.8                          3.94                        1738.3                          3.94
2026-07-11T06:16:03.924000000Z                          29.8                          4.51                        1738.2                          4.51
2026-07-11T06:16:33.991000000Z                          29.8                          4.13                        1738.3                          4.13
2026-07-11T06:17:04.065000000Z                          29.8                          4.17                          1738                          4.17
2026-07-11T06:17:34.029000000Z                          29.8                          4.22                        1738.4                          4.22
2026-07-11T06:18:04.199000000Z                          29.8                          4.13                        1738.5                          4.13
2026-07-11T06:18:34.228000000Z                          29.8                          4.32                        1738.5                          4.32
2026-07-11T06:19:04.219000000Z                          29.8                             4                        1738.5                             4
2026-07-11T06:19:14.160000000Z                          29.8                          4.53                        1738.3                          4.53
2026-07-11T06:19:44.251000000Z                          29.8                          4.18                        1738.3                          4.18
2026-07-11T06:20:10.437000000Z                          29.8                          4.54                        1738.3                          4.54
2026-07-11T06:20:40.519000000Z                          29.8                          4.22                        1738.4                          4.22
2026-07-11T06:21:10.576000000Z                          29.8                             4                        1738.5                             4
2026-07-11T06:21:40.637000000Z                          29.8                          4.26                        1738.3                          4.26
2026-07-11T06:21:55.192000000Z                          29.8                          4.51                        1738.5                          4.51
2026-07-11T06:22:25.314000000Z                          29.8                          4.04                        1738.5                          4.04
2026-07-11T06:22:55.323000000Z                          29.8                          4.01                        1738.4                          4.01
2026-07-11T06:23:25.249000000Z                          29.8                          4.09                        1738.1                          4.09
2026-07-11T06:23:55.253000000Z                          29.8                          4.05                        1738.4                          4.05
2026-07-11T06:24:25.388000000Z                          29.8                          4.21                        1738.3                          4.21
2026-07-11T06:24:55.429000000Z                          29.8                          4.07                        1738.5                          4.07
2026-07-11T06:25:25.489000000Z                          29.8                          4.12                        1738.8                          4.12
2026-07-11T06:25:55.472000000Z                          29.8                          4.17                          1738                          4.17
2026-07-11T06:26:25.619000000Z                          29.8                          4.06                        1738.7                          4.06
2026-07-11T06:26:55.645000000Z                          29.8                          4.16                        1738.1                          4.16
2026-07-11T06:27:25.723000000Z                          29.8                           4.1                        1738.6                           4.1
2026-07-11T06:27:55.740000000Z                          29.8                          3.99                        1738.7                          3.99
2026-07-11T06:28:25.900000000Z                          29.8                          4.23                        1738.3                          4.23
2026-07-11T06:28:55.917000000Z                          29.8                          4.07                        1738.7                          4.07
2026-07-11T06:29:25.922000000Z                          29.8                          4.13                          1739                          4.13
2026-07-11T06:29:56.028000000Z                          29.8                          4.15                        1738.3                          4.15
2026-07-11T06:30:14.900000000Z                          29.8                          4.52                        1738.8                          4.52
2026-07-11T06:30:45.367000000Z                          29.8                          4.28                        1738.7                          4.28
2026-07-11T06:31:00.596000000Z                          29.8                           4.5                        1738.7                           4.5
2026-07-11T06:31:30.814000000Z                          29.8                          4.31                        1738.5                          4.31
2026-07-11T06:32:00.828000000Z                          29.8                          4.23                        1738.9                          4.23
2026-07-11T06:32:30.904000000Z                          29.8                          4.27                        1738.3                          4.27
2026-07-11T06:33:00.961000000Z                          29.8                          4.11                        1738.6                          4.11
2026-07-11T06:33:30.869000000Z                          29.8                           3.9                        1738.6                           3.9
2026-07-11T06:34:00.935000000Z                          29.8                          4.17                        1738.4                          4.17
2026-07-11T06:34:24.012000000Z                          29.8                          4.56                        1738.5                          4.56
2026-07-11T06:34:53.989000000Z                          29.8                          4.19                        1738.7                          4.19
2026-07-11T06:35:20.236000000Z                          29.8                          4.61                        1738.1                          4.61
2026-07-11T06:35:50.225000000Z                          29.8                          4.09                        1738.4                          4.09
2026-07-11T06:36:20.393000000Z                          29.8                          4.02                        1738.5                          4.02
2026-07-11T06:36:50.356000000Z                          29.8                          4.03                        1738.5                          4.03
2026-07-11T06:37:20.487000000Z                          29.8                          4.03                        1738.6                          4.03
2026-07-11T06:37:51.433000000Z                          29.8                          4.17                        1738.8                          4.17
2026-07-11T06:38:01.707000000Z                          29.8                          4.53                        1738.5                          4.53
2026-07-11T06:38:31.826000000Z                          29.8                          4.18                        1738.6                          4.18
2026-07-11T06:39:01.837000000Z                          29.8                          4.07                        1738.6                          4.07
2026-07-11T06:39:31.932000000Z                          29.8                          4.18                        1738.5                          4.18
2026-07-11T06:40:01.911000000Z                          29.8                          3.92                        1738.7                          3.92
2026-07-11T06:40:32.108000000Z                          29.8                          4.06                        1738.2                          4.06
2026-07-11T06:41:02.039000000Z                          29.8                          4.09                        1738.7                          4.09
2026-07-11T06:41:32.116000000Z                          29.8                          4.32                        1738.7                          4.32
2026-07-11T06:42:03.469000000Z                          29.8                          4.15                        1738.6                          4.15
2026-07-11T06:42:38.163000000Z                          29.8                          4.28                          1738                          4.28
2026-07-11T06:42:50.142000000Z                          29.8                          4.16                        1738.5                          4.16
2026-07-11T06:43:16.958000000Z                          29.8                          4.59                        1738.6                          4.59
2026-07-11T06:43:47.084000000Z                          29.8                          4.21                        1738.4                          4.21
2026-07-11T06:43:57.779000000Z                          29.8                           4.5                        1738.3                           4.5
2026-07-11T06:44:27.818000000Z                          29.8                          4.13                        1738.7                          4.13
2026-07-11T06:44:57.760000000Z                          29.8                          3.98                        1738.6                          3.98
2026-07-11T06:45:27.747000000Z                          29.8                          4.11                        1738.2                          4.11
2026-07-11T06:45:42.423000000Z                          29.8                          4.67                        1738.2                          4.67
2026-07-11T06:45:54.678000000Z                          29.8                          4.51                        1738.5                          4.51
2026-07-11T06:46:12.452000000Z                          29.8                          4.57                        1738.4                          4.57
2026-07-11T06:47:02.673000000Z                          29.8                          4.62                        1738.9                          4.62
2026-07-11T06:47:32.814000000Z                          29.8                          4.09                        1738.7                          4.09
2026-07-11T06:47:53.934000000Z                          29.8                          4.55                        1738.8                          4.55
2026-07-11T06:48:23.964000000Z                          29.8                          4.06                        1738.8                          4.06
2026-07-11T06:48:53.962000000Z                          29.8                          4.06                        1738.8                          4.06
2026-07-11T06:49:24.022000000Z                          29.8                          4.35                        1738.2                          4.35
2026-07-11T06:49:54.045000000Z                          29.8                          4.03                        1738.8                          4.03
2026-07-11T06:50:24.193000000Z                          29.8                          4.03                        1738.6                          4.03
2026-07-11T06:50:53.194000000Z                          29.8                          4.52                        1738.5                          4.52
2026-07-11T06:51:23.192000000Z                          29.8                          4.07                        1738.4                          4.07
2026-07-11T06:51:53.165000000Z                          29.8                          4.02                        1738.4                          4.02
2026-07-11T06:52:23.313000000Z                          29.8                          4.35                        1738.7                          4.35
2026-07-11T06:52:53.367000000Z                          29.8                          4.09                        1738.5                          4.09
2026-07-11T06:53:23.419000000Z                          29.8                           4.1                        1738.7                           4.1
2026-07-11T06:53:53.452000000Z                          29.8                          4.27                        1738.9                          4.27
2026-07-11T06:54:23.479000000Z                          29.8                          4.01                        1738.7                          4.01
2026-07-11T06:54:53.403000000Z                          29.8                          4.14                        1738.4                          4.14
2026-07-11T06:55:09.990000000Z                          29.8                           4.5                        1738.2                           4.5
2026-07-11T06:55:40.063000000Z                          29.8                          4.39                        1738.5                          4.39
2026-07-11T06:56:10.048000000Z                          29.8                          4.04                        1738.4                          4.04
2026-07-11T06:56:40.044000000Z                          29.8                          4.21                        1738.1                          4.21
2026-07-11T06:56:56.949000000Z                          29.8                          4.54                        1738.5                          4.54
2026-07-11T06:57:20.569000000Z                          29.8                          4.58                        1738.3                          4.58
2026-07-11T06:57:50.512000000Z                          29.8                          4.07                        1738.4                          4.07
2026-07-11T06:58:20.588000000Z                          29.8                          4.04                        1738.5                          4.04
2026-07-11T06:58:50.522000000Z                          29.8                          4.12                        1738.1                          4.12
2026-07-11T06:59:20.609000000Z                          29.8                          4.07                        1738.5                          4.07
2026-07-11T06:59:45.830000000Z                          29.8                          4.59                        1738.6                          4.59
2026-07-11T07:00:12.722000000Z                          29.8                          4.52                        1738.9                          4.52
2026-07-11T07:00:42.844000000Z                          29.8                          4.33                        1738.9                          4.33
2026-07-11T07:01:12.907000000Z                          29.8                          4.15                        1738.8                          4.15
2026-07-11T07:01:42.951000000Z                          29.8                          4.05                        1738.7                          4.05
2026-07-11T07:02:13.036000000Z                          29.8                          4.09                        1738.7                          4.09
2026-07-11T07:02:43.013000000Z                          29.8                          4.08                        1738.7                          4.08
2026-07-11T07:03:13.103000000Z                          29.8                          4.09                        1738.1                          4.09
2026-07-11T07:03:43.178000000Z                          29.8                          4.12                        1738.6                          4.12
2026-07-11T07:04:13.270000000Z                          29.8                          3.98                        1738.6                          3.98
2026-07-11T07:04:43.342000000Z                          29.8                          4.12                        1738.1                          4.12
2026-07-11T07:05:13.419000000Z                          29.8                          4.11                        1738.6                          4.11
2026-07-11T07:05:43.446000000Z                          29.8                          4.16                        1738.7                          4.16
2026-07-11T07:06:13.479000000Z                          29.8                          4.22                        1737.9                          4.22
2026-07-11T07:06:43.476000000Z                          29.8                          4.06                        1738.7                          4.06
2026-07-11T07:07:13.539000000Z                          29.8                          4.03                        1738.6                          4.03
2026-07-11T07:07:35.428000000Z                          29.8                          4.56                        1738.2                          4.56
2026-07-11T07:08:05.512000000Z                          29.8                           4.1                        1738.7                           4.1
2026-07-11T07:08:21.793000000Z                          29.8                          4.51                        1738.6                          4.51
2026-07-11T07:08:34.004000000Z                          29.8                           4.5                        1738.5                           4.5
2026-07-11T07:08:47.174000000Z                          29.8                          4.52                        1738.9                          4.52
2026-07-11T07:09:17.246000000Z                          29.8                           4.2                        1738.7                           4.2
2026-07-11T07:09:47.318000000Z                          29.8                          4.04                          1739                          4.04
2026-07-11T07:10:17.349000000Z                          29.8                          4.32                        1738.4                          4.32
2026-07-11T07:10:47.506000000Z                          29.8                          4.02                        1738.7                          4.02
2026-07-11T07:11:17.527000000Z                          29.8                          3.97                        1738.1                          3.97
2026-07-11T07:11:47.598000000Z                          29.8                          4.16                        1738.6                          4.16
2026-07-11T07:12:17.789000000Z                          29.8                          4.13                        1738.6                          4.13
2026-07-11T07:12:47.007000000Z                          29.8                          4.53                        1738.5                          4.53
2026-07-11T07:13:17.039000000Z                          29.8                          4.24                        1738.6                          4.24
2026-07-11T07:13:46.975000000Z                          29.8                           4.2                        1738.3                           4.2
2026-07-11T07:14:17.033000000Z                          29.8                          4.03                        1738.7                          4.03
2026-07-11T07:14:41.184000000Z                          29.8                          4.51                        1738.3                          4.51
2026-07-11T07:15:11.384000000Z                          29.8                           4.1                        1738.5                           4.1
2026-07-11T07:15:41.393000000Z                          29.8                          4.12                        1738.1                          4.12
2026-07-11T07:16:11.442000000Z                          29.8                          4.01                        1738.6                          4.01
2026-07-11T07:16:41.565000000Z                          29.8                          4.14                        1738.1                          4.14
2026-07-11T07:17:11.654000000Z                          29.8                          4.15                        1738.4                          4.15
2026-07-11T07:17:41.680000000Z                          29.8                          4.04                        1738.9                          4.04
2026-07-11T07:18:11.757000000Z                          29.8                          4.31                        1738.3                          4.31
2026-07-11T07:18:41.831000000Z                          29.8                           4.2                        1738.6                           4.2
2026-07-11T07:19:06.963000000Z                          29.8                          4.55                        1738.2                          4.55
2026-07-11T07:19:28.697000000Z                          29.8                          4.57                        1738.6                          4.57
2026-07-11T07:19:41.007000000Z                          29.8                          4.52                        1738.6                          4.52
2026-07-11T07:20:11.022000000Z                          29.8                          4.11                        1738.5                          4.11
2026-07-11T07:20:37.345000000Z                          29.8                          4.53                        1738.5                          4.53
2026-07-11T07:21:07.253000000Z                          29.8                          4.12                        1738.8                          4.12
2026-07-11T07:21:37.276000000Z                          29.8                          4.32                        1738.7                          4.32
2026-07-11T07:22:04.797000000Z                          29.8                          4.51                        1738.4                          4.51
2026-07-11T07:22:34.850000000Z                          29.8                          4.08                        1738.3                          4.08
2026-07-11T07:23:04.833000000Z                          29.8                          3.93                        1738.7                          3.93
2026-07-11T07:23:34.883000000Z                          29.8                          3.98                        1738.3                          3.98
2026-07-11T07:24:04.945000000Z                          29.8                          3.98                        1738.6                          3.98
2026-07-11T07:24:34.996000000Z                          29.8                          3.86                        1738.3                          3.86
2026-07-11T07:25:02.522000000Z                          29.8                          4.56                        1738.5                          4.56
2026-07-11T07:25:32.634000000Z                          29.8                          3.98                        1738.4                          3.98
2026-07-11T07:26:02.672000000Z                          29.8                          4.12                        1738.4                          4.12
2026-07-11T07:26:32.666000000Z                          29.8                          4.07                        1738.6                          4.07
2026-07-11T07:27:02.775000000Z                          29.8                          4.07                        1738.2                          4.07
2026-07-11T07:27:32.839000000Z                          29.8                          4.08                        1738.6                          4.08
2026-07-11T07:28:02.920000000Z                          29.8                          4.01                        1738.2                          4.01
2026-07-11T07:28:32.949000000Z                          29.8                          4.04                        1738.5                          4.04
2026-07-11T07:29:02.939000000Z                          29.8                          3.95                        1738.5                          3.95
2026-07-11T07:29:32.938000000Z                          29.8                          4.14                        1738.3                          4.14
2026-07-11T07:30:02.989000000Z                          29.8                          3.91                        1738.5                          3.91
2026-07-11T07:30:33.074000000Z                          29.8                          4.12                        1738.5                          4.12
2026-07-11T07:31:03.121000000Z                          29.8                             4                        1738.9                             4
2026-07-11T07:31:33.089000000Z                          29.8                          4.01                        1738.6                          4.01
2026-07-11T07:32:03.174000000Z                          29.8                          4.11                          1738                          4.11
2026-07-11T07:32:33.160000000Z                          29.8                          3.98                        1738.6                          3.98
2026-07-11T07:33:03.265000000Z                          29.8                          3.97                        1738.4                          3.97
2026-07-11T07:33:33.332000000Z                          29.8                          4.15                        1738.9                          4.15
2026-07-11T07:34:03.395000000Z                          29.8                          4.07                        1738.6                          4.07
2026-07-11T07:34:33.457000000Z                          29.8                          4.28                        1738.6                          4.28
2026-07-11T07:35:03.550000000Z                          29.8                          4.04                        1738.7                          4.04
2026-07-11T07:35:33.563000000Z                          29.8                          4.22                        1738.2                          4.22
2026-07-11T07:36:03.680000000Z                          29.8                          3.88                        1738.4                          3.88
2026-07-11T07:36:33.764000000Z                          29.8                          4.06                        1738.1                          4.06
2026-07-11T07:37:03.813000000Z                          29.8                          4.08                        1738.7                          4.08
2026-07-11T07:37:33.885000000Z                          29.8                          4.03                        1738.5                          4.03
2026-07-11T07:38:03.946000000Z                          29.8                          4.13                        1738.3                          4.13
2026-07-11T07:38:33.985000000Z                          29.8                          4.12                        1738.3                          4.12
2026-07-11T07:39:04.050000000Z                          29.8                          4.37                        1738.3                          4.37
2026-07-11T07:39:33.995000000Z                          29.8                          4.01                        1738.6                          4.01
2026-07-11T07:40:04.032000000Z                          29.8                          4.35                        1738.1                          4.35
2026-07-11T07:40:34.178000000Z                          29.8                          3.95                        1738.5                          3.95
2026-07-11T07:41:04.274000000Z                          29.8                          4.28                        1738.1                          4.28
2026-07-11T07:41:34.352000000Z                          29.8                          4.11                        1738.4                          4.11
2026-07-11T07:42:04.410000000Z                          29.8                          4.02                        1738.2                          4.02
2026-07-11T07:42:34.484000000Z                          29.8                          3.96                        1738.6                          3.96
2026-07-11T07:43:04.480000000Z                          29.8                          4.01                        1738.1                          4.01
2026-07-11T07:43:25.008000000Z                          29.8                           4.5                        1738.7                           4.5
2026-07-11T07:43:55.112000000Z                          29.8                          4.05                        1738.3                          4.05
2026-07-11T07:44:25.125000000Z                          29.8                          4.19                        1738.3                          4.19
2026-07-11T07:44:55.094000000Z                          29.8                          4.03                        1738.6                          4.03
2026-07-11T07:45:25.123000000Z                          29.8                          4.19                        1738.2                          4.19
2026-07-11T07:45:55.125000000Z                          29.8                          3.98                        1738.4                          3.98
2026-07-11T07:46:16.194000000Z                          29.8                           4.5                        1738.3                           4.5
2026-07-11T07:46:46.276000000Z                          29.8                          4.05                        1738.6                          4.05
2026-07-11T07:47:16.194000000Z                          29.8                          4.18                        1738.1                          4.18
2026-07-11T07:47:46.296000000Z                          29.8                          4.03                        1738.8                          4.03
2026-07-11T07:48:16.325000000Z                          29.8                          4.11                        1738.7                          4.11
2026-07-11T07:48:46.449000000Z                          29.8                          4.11                        1738.5                          4.11
2026-07-11T07:49:16.603000000Z                          29.8                          3.97                        1738.5                          3.97
2026-07-11T07:49:30.501000000Z                          29.8                           4.5                        1738.3                           4.5
2026-07-11T07:50:00.645000000Z                          29.8                          3.94                        1738.9                          3.94
2026-07-11T07:50:30.716000000Z                          29.8                          4.13                        1738.8                          4.13
2026-07-11T07:51:00.632000000Z                          29.8                          4.25                        1738.5                          4.25
2026-07-11T07:51:30.775000000Z                          29.8                          3.96                        1738.5                          3.96
2026-07-11T07:52:00.806000000Z                          29.8                           4.1                        1738.3                           4.1
2026-07-11T07:52:30.837000000Z                          29.8                           3.8                        1738.5                           3.8
2026-07-11T07:53:00.834000000Z                          29.8                          4.09                        1738.1                          4.09
2026-07-11T07:53:30.919000000Z                          29.8                             4                        1738.5                             4
2026-07-11T07:54:00.971000000Z                          29.8                          4.22                        1738.2                          4.22
2026-07-11T07:54:31.017000000Z                          29.8                          4.13                        1738.5                          4.13
2026-07-11T07:55:01.108000000Z                          29.8                          4.17                        1737.9                          4.17
2026-07-11T07:55:31.133000000Z                          29.8                          4.06                        1738.3                          4.06
2026-07-11T07:56:01.168000000Z                          29.8                          3.99                        1738.4                          3.99
2026-07-11T07:56:31.244000000Z                          29.8                          3.92                        1738.7                          3.92
2026-07-11T07:57:01.352000000Z                          29.8                          3.96                          1738                          3.96
2026-07-11T07:57:31.306000000Z                          29.8                          4.05                        1738.5                          4.05
2026-07-11T07:58:01.733000000Z                          29.8                          4.02                        1738.2                          4.02
2026-07-11T07:58:31.394000000Z                          29.8                          4.22                        1738.5                          4.22
2026-07-11T07:59:01.497000000Z                          29.8                          4.08                        1738.2                          4.08
2026-07-11T07:59:31.491000000Z                          29.8                          4.11                        1738.7                          4.11
2026-07-11T07:59:53.800000000Z                          29.8                           4.6                          1738                           4.6
2026-07-11T08:00:23.897000000Z                          29.8                          4.14                        1738.5                          4.14
2026-07-11T08:00:53.923000000Z                          29.8                          4.18                        1738.4                          4.18
2026-07-11T08:01:23.944000000Z                          29.8                          4.15                        1738.7                          4.15
2026-07-11T08:01:53.964000000Z                          29.8                             4                        1738.4                             4
2026-07-11T08:02:24.016000000Z                          29.8                          4.12                        1738.5                          4.12
2026-07-11T08:02:54.071000000Z                          29.8                          4.11                        1738.2                          4.11
2026-07-11T08:03:24.126000000Z                          29.8                          4.02                        1738.2                          4.02
2026-07-11T08:03:54.201000000Z                          29.8                          4.13                        1738.2                          4.13
2026-07-11T08:04:24.310000000Z                          29.8                          4.08                        1738.4                          4.08
2026-07-11T08:04:54.292000000Z                          29.8                          3.93                        1738.6                          3.93
2026-07-11T08:05:24.357000000Z                          29.8                          4.15                        1738.6                          4.15
2026-07-11T08:05:54.210000000Z                          29.8                          3.95                        1738.9                          3.95
2026-07-11T08:06:19.147000000Z                          29.8                          4.52                        1738.8                          4.52
2026-07-11T08:06:49.268000000Z                          29.8                          4.07                        1738.4                          4.07
2026-07-11T08:07:19.372000000Z                          29.8                          4.15                        1738.2                          4.15
2026-07-11T08:07:49.520000000Z                          29.8                          3.99                        1738.6                          3.99
2026-07-11T08:08:19.599000000Z                          29.8                          3.96                        1738.2                          3.96
2026-07-11T08:08:49.595000000Z                          29.8                          3.93                        1738.5                          3.93
2026-07-11T08:09:19.739000000Z                          29.8                          3.94                        1738.3                          3.94
2026-07-11T08:09:49.785000000Z                          29.8                          3.99                        1738.8                          3.99
2026-07-11T08:10:19.811000000Z                          29.8                          4.15                        1738.6                          4.15
2026-07-11T08:10:50.303000000Z                          29.8                          4.18                        1738.4                          4.18
2026-07-11T08:11:19.924000000Z                          29.8                          3.91                        1738.7                          3.91
2026-07-11T08:11:50.353000000Z                          29.8                          3.92                        1738.5                          3.92
2026-07-11T08:12:20.385000000Z                         524.7                          0.42                        1738.4                          0.19
2026-07-11T08:12:39.597000000Z                          29.8                          4.55                        1738.2                          4.55
2026-07-11T08:13:09.624000000Z                          29.8                          3.87                        1738.5                          3.87
2026-07-11T08:13:39.698000000Z                          29.8                          4.09                          1738                          4.09
2026-07-11T08:14:09.707000000Z                          29.8                          4.18                        1738.8                          4.18
2026-07-11T08:14:39.863000000Z                          29.8                           4.2                        1738.2                           4.2
2026-07-11T08:15:09.866000000Z                          29.8                          4.08                        1738.4                          4.08
2026-07-11T08:15:23.976000000Z                          29.8                          4.57                        1738.3                          4.57
2026-07-11T08:15:54.031000000Z                          29.8                          3.95                        1738.4                          3.95
2026-07-11T08:16:24.032000000Z                          29.8                           4.2                        1738.5                           4.2
2026-07-11T08:16:54.352000000Z                          29.8                           4.1                        1738.6                           4.1
2026-07-11T08:17:24.185000000Z                          29.8                          4.09                        1738.5                          4.09
2026-07-11T08:17:54.221000000Z                          29.8                          3.99                        1738.6                          3.99
2026-07-11T08:18:24.270000000Z                          29.8                          4.09                        1738.3                          4.09
2026-07-11T08:18:54.398000000Z                          29.8                           4.3                        1738.3                           4.3
2026-07-11T08:19:24.380000000Z                          29.8                          4.05                        1738.5                          4.05
2026-07-11T08:19:54.374000000Z                          29.8                          4.14                        1738.2                          4.14
2026-07-11T08:20:24.563000000Z                          29.8                          4.02                        1738.5                          4.02
2026-07-11T08:20:54.588000000Z                          29.8                          4.21                        1737.9                          4.21
2026-07-11T08:21:24.714000000Z                          29.8                          3.96                        1738.4                          3.96
2026-07-11T08:21:54.800000000Z                          29.8                          4.02                        1738.1                          4.02
2026-07-11T08:22:24.811000000Z                          29.8                          4.04                        1738.6                          4.04
2026-07-11T08:22:54.938000000Z                          29.8                          3.99                        1738.3                          3.99
2026-07-11T08:23:24.947000000Z                          29.8                          3.98                        1738.5                          3.98
2026-07-11T08:23:54.969000000Z                          29.8                          4.23                        1738.1                          4.23
2026-07-11T08:24:25.006000000Z                          29.8                          3.85                        1738.4                          3.85
2026-07-11T08:24:54.957000000Z                          29.8                          4.04                        1737.9                          4.04
2026-07-11T08:25:25.120000000Z                          29.8                          3.97                        1738.5                          3.97
2026-07-11T08:25:55.149000000Z                          29.8                          4.12                        1738.3                          4.12
2026-07-11T08:26:25.212000000Z                          29.8                          3.94                        1738.3                          3.94
2026-07-11T08:26:55.283000000Z                          29.8                           4.3                        1738.4                           4.3
2026-07-11T08:27:25.289000000Z                          29.8                          3.99                        1738.5                          3.99
2026-07-11T08:27:55.331000000Z                          29.8                          4.04                        1738.3                          4.04
2026-07-11T08:28:57.692000000Z                          29.8                          4.01                        1738.3                          4.01
2026-07-11T08:29:27.741000000Z                          29.8                          4.08                        1738.2                          4.08
2026-07-11T08:29:57.737000000Z                          29.8                          4.16                        1738.1                          4.16
2026-07-11T08:30:27.809000000Z                          29.8                          4.04                        1738.2                          4.04
2026-07-11T08:30:57.895000000Z                          29.8                             4                        1738.4                             4
2026-07-11T08:31:27.955000000Z                          29.8                          4.13                        1738.2                          4.13
2026-07-11T08:31:57.892000000Z                          29.8                          3.93                        1738.5                          3.93
2026-07-11T08:32:27.966000000Z                          29.8                          4.03                        1738.1                          4.03
2026-07-11T08:32:57.974000000Z                          29.8                          3.83                        1738.6                          3.83
2026-07-11T08:33:27.976000000Z                          29.8                          4.16                        1738.3                          4.16
2026-07-11T08:33:58.070000000Z                          29.8                          3.96                        1738.7                          3.96
2026-07-11T08:34:28.188000000Z                          29.8                          4.15                        1738.1                          4.15
2026-07-11T08:34:58.058000000Z                          29.8                          3.97                        1738.6                          3.97
2026-07-11T08:35:28.208000000Z                          29.8                          4.23                          1738                          4.23
2026-07-11T08:35:58.230000000Z                          29.8                          4.02                        1738.3                          4.02
2026-07-11T08:36:28.286000000Z                          29.8                          4.07                        1738.2                          4.07
2026-07-11T08:36:58.287000000Z                          29.8                          3.92                        1738.4                          3.92
2026-07-11T08:37:28.363000000Z                          29.8                          3.98                          1738                          3.98
2026-07-11T08:37:58.493000000Z                          29.8                          3.91                        1738.3                          3.91
2026-07-11T08:38:28.421000000Z                          29.8                          4.19                        1738.2                          4.19
2026-07-11T08:38:58.521000000Z                          29.8                          4.07                        1738.5                          4.07
2026-07-11T08:39:28.582000000Z                          29.8                          4.36                        1738.3                          4.36
2026-07-11T08:39:58.633000000Z                          29.8                          4.11                        1738.3                          4.11
2026-07-11T08:40:28.723000000Z                          29.8                          4.11                        1737.9                          4.11
2026-07-11T08:40:58.754000000Z                          29.8                          3.85                        1738.3                          3.85
2026-07-11T08:41:28.848000000Z                          29.8                          4.13                        1738.4                          4.13
2026-07-11T08:41:58.997000000Z                          29.8                          3.94                        1738.8                          3.94
2026-07-11T08:42:28.921000000Z                          29.8                          4.15                        1738.5                          4.15
2026-07-11T08:42:59.048000000Z                          29.8                          3.88                        1738.1                          3.88
2026-07-11T08:43:29.087000000Z                          29.8                          4.14                        1738.5                          4.14
2026-07-11T08:43:59.149000000Z                          29.8                          3.85                        1738.5                          3.85
2026-07-11T08:44:29.156000000Z                          29.8                          4.09                        1738.1                          4.09
2026-07-11T08:44:59.123000000Z                          29.8                          3.96                        1738.5                          3.96
2026-07-11T08:45:16.318000000Z                          29.8                          4.55                        1738.3                          4.55
2026-07-11T08:45:46.407000000Z                          29.8                          3.97                        1738.4                          3.97
2026-07-11T08:46:16.535000000Z                          29.8                           4.1                        1738.1                           4.1
2026-07-11T08:46:46.500000000Z                          29.8                          3.94                        1738.6                          3.94
2026-07-11T08:47:16.260000000Z                          29.8                          4.53                        1737.9                          4.53
2026-07-11T08:47:46.407000000Z                          29.8                          3.99                        1738.6                          3.99
2026-07-11T08:48:16.453000000Z                          29.8                           3.9                        1738.5                           3.9
2026-07-11T08:48:46.430000000Z                          29.8                          4.17                        1738.4                          4.17
2026-07-11T08:49:16.508000000Z                          29.8                          4.03                        1738.6                          4.03
2026-07-11T08:49:46.606000000Z                          29.8                          4.12                        1738.6                          4.12
2026-07-11T08:50:16.643000000Z                          29.8                          3.91                        1738.4                          3.91
2026-07-11T08:50:46.697000000Z                          29.8                          4.05                        1738.2                          4.05
2026-07-11T08:51:16.717000000Z                          29.8                          3.85                        1738.8                          3.85
2026-07-11T08:51:46.743000000Z                          29.8                          4.03                        1738.6                          4.03
2026-07-11T08:52:16.733000000Z                          29.8                          4.26                          1739                          4.26
2026-07-11T08:52:46.828000000Z                          29.8                             4                        1738.7                             4
2026-07-11T08:53:16.999000000Z                          29.8                          4.19                        1738.4                          4.19
2026-07-11T08:53:46.992000000Z                          29.8                          4.02                        1738.4                          4.02
2026-07-11T08:54:17.042000000Z                          29.8                          4.04                        1738.1                          4.04
2026-07-11T08:54:47.049000000Z                          29.8                          4.14                        1738.6                          4.14
2026-07-11T08:55:17.208000000Z                          29.8                          4.03                        1738.2                          4.03
2026-07-11T08:55:47.223000000Z                          29.8                          3.85                        1738.5                          3.85
2026-07-11T08:56:17.261000000Z                          29.8                          4.15                        1737.9                          4.15
2026-07-11T08:56:47.319000000Z                          29.8                          4.02                        1738.5                          4.02
2026-07-11T08:57:17.306000000Z                          29.8                          3.98                        1738.2                          3.98
2026-07-11T08:57:47.424000000Z                          29.8                          4.02                        1738.5                          4.02
2026-07-11T08:58:17.471000000Z                          29.8                          3.97                        1738.5                          3.97
2026-07-11T08:58:32.047000000Z                          29.8                           4.5                        1738.5                           4.5
2026-07-11T08:59:02.092000000Z                          29.8                          4.26                        1738.7                          4.26
2026-07-11T08:59:32.204000000Z                          29.8                          4.12                        1738.7                          4.12
2026-07-11T09:00:02.176000000Z                          29.8                          3.98                        1738.6                          3.98
2026-07-11T09:00:32.293000000Z                          29.8                          4.14                        1738.7                          4.14
2026-07-11T09:01:02.356000000Z                          29.8                          4.13                        1738.3                          4.13
2026-07-11T09:01:32.368000000Z                          29.8                          4.02                        1738.4                          4.02
2026-07-11T09:02:02.469000000Z                          29.8                             4                        1738.2                             4
2026-07-11T09:02:32.487000000Z                          29.8                          4.13                        1738.9                          4.13
2026-07-11T09:03:02.617000000Z                          29.8                          4.06                        1738.1                          4.06
2026-07-11T09:03:32.547000000Z                          29.8                          4.13                        1738.8                          4.13
2026-07-11T09:04:02.748000000Z                          29.8                          3.85                        1738.8                          3.85
2026-07-11T09:04:33.207000000Z                          29.8                             4                        1738.3                             4
2026-07-11T09:05:00.472000000Z                          29.8                          4.53                        1738.1                          4.53
2026-07-11T09:05:30.726000000Z                          29.8                          4.03                        1738.7                          4.03
2026-07-11T09:06:00.586000000Z                          29.8                          4.22                        1738.1                          4.22
2026-07-11T09:06:30.694000000Z                          29.8                          3.91                        1738.2                          3.91
2026-07-11T09:06:48.824000000Z                          29.8                          4.53                        1738.3                          4.53
2026-07-11T09:07:18.773000000Z                          29.8                          4.06                        1738.6                          4.06
2026-07-11T09:07:48.764000000Z                          29.8                          4.11                        1738.2                          4.11
2026-07-11T09:08:18.846000000Z                          29.8                          4.02                        1738.5                          4.02
2026-07-11T09:08:48.935000000Z                          29.8                          4.01                          1738                          4.01
2026-07-11T09:09:19.066000000Z                          29.8                          4.01                        1738.5                          4.01
2026-07-11T09:09:49.012000000Z                          29.8                          4.22                        1738.1                          4.22
2026-07-11T09:10:06.807000000Z                          29.8                           4.6                        1738.5                           4.6
2026-07-11T09:10:18.009000000Z                          29.8                          4.57                        1738.6                          4.57
2026-07-11T09:10:48.022000000Z                          29.8                          4.06                        1738.6                          4.06
2026-07-11T09:11:18.125000000Z                          29.8                          3.97                        1738.7                          3.97
2026-07-11T09:11:48.168000000Z                          29.8                          4.15                        1738.4                          4.15
2026-07-11T09:12:18.197000000Z                          29.8                          4.01                        1738.9                          4.01
2026-07-11T09:12:29.559000000Z                          29.8                          4.61                        1738.4                          4.61
2026-07-11T09:12:59.538000000Z                          29.8                          4.26                        1738.5                          4.26
2026-07-11T09:13:30.120000000Z                          29.8                          3.91                        1738.6                          3.91
2026-07-11T09:13:59.563000000Z                          29.8                          4.17                        1738.5                          4.17
2026-07-11T09:14:29.679000000Z                          29.8                          3.93                        1738.6                          3.93
2026-07-11T09:14:59.725000000Z                          29.8                          4.12                        1738.6                          4.12
2026-07-11T09:15:29.730000000Z                          29.8                          3.96                        1738.9                          3.96
2026-07-11T09:15:59.715000000Z                          29.8                          4.04                        1738.1                          4.04
2026-07-11T09:16:29.797000000Z                          29.8                           3.9                        1738.5                           3.9
2026-07-11T09:16:59.797000000Z                          29.8                          4.15                        1738.1                          4.15
2026-07-11T09:17:29.875000000Z                          29.8                          4.08                        1738.7                          4.08
2026-07-11T09:17:59.924000000Z                          29.8                          3.97                        1738.5                          3.97
2026-07-11T09:18:30.043000000Z                          29.8                          4.22                        1738.2                          4.22
2026-07-11T09:18:59.994000000Z                          29.8                          4.15                        1738.1                          4.15
2026-07-11T09:19:30.121000000Z                          29.8                          4.01                        1738.7                          4.01
2026-07-11T09:20:00.164000000Z                          29.8                          4.15                        1737.9                          4.15
2026-07-11T09:20:30.318000000Z                          29.8                          4.22                        1738.7                          4.22
2026-07-11T09:21:00.362000000Z                          29.8                          4.21                        1738.2                          4.21
2026-07-11T09:21:30.394000000Z                          29.8                          4.07                        1738.5                          4.07
2026-07-11T09:22:00.549000000Z                          29.8                          4.13                        1738.1                          4.13
2026-07-11T09:22:30.477000000Z                          29.8                          3.87                        1738.4                          3.87
2026-07-11T09:23:00.634000000Z                          29.8                           4.1                        1738.2                           4.1
2026-07-11T09:23:30.629000000Z                          29.8                          4.18                        1738.4                          4.18
2026-07-11T09:24:00.704000000Z                          29.8                          3.96                        1738.5                          3.96
2026-07-11T09:24:30.701000000Z                          29.8                          3.94                        1738.6                          3.94
2026-07-11T09:25:00.748000000Z                          29.8                          4.12                        1738.2                          4.12
2026-07-11T09:25:30.762000000Z                          29.8                          4.18                        1738.3                          4.18
2026-07-11T09:26:00.795000000Z                          29.8                          4.09                        1738.5                          4.09
2026-07-11T09:26:30.799000000Z                          29.8                          4.22                        1738.6                          4.22
2026-07-11T09:27:00.904000000Z                          29.8                          3.96                        1738.6                          3.96
2026-07-11T09:27:30.912000000Z                          29.8                          4.11                          1738                          4.11
2026-07-11T09:28:00.981000000Z                          29.8                          4.13                        1738.3                          4.13
2026-07-11T09:28:31.041000000Z                          29.8                          4.06                        1738.2                          4.06
2026-07-11T09:29:01.184000000Z                          29.8                          3.99                        1738.6                          3.99
2026-07-11T09:29:31.177000000Z                          29.8                          4.11                        1738.3                          4.11
2026-07-11T09:30:01.207000000Z                          29.8                          3.81                        1738.6                          3.81
2026-07-11T09:30:31.237000000Z                          29.8                          4.02                        1738.3                          4.02
2026-07-11T09:31:01.313000000Z                          29.8                          4.15                        1737.9                          4.15
2026-07-11T09:31:31.410000000Z                          29.8                          3.81                        1738.4                          3.81
2026-07-11T09:32:01.444000000Z                          29.8                          4.09                        1738.1                          4.09
2026-07-11T09:32:31.424000000Z                          29.8                          3.99                        1738.6                          3.99
2026-07-11T09:33:01.648000000Z                          29.8                          4.15                        1738.4                          4.15
2026-07-11T09:33:31.639000000Z                          29.8                          3.92                        1738.1                          3.92
2026-07-11T09:34:01.657000000Z                          29.8                          3.99                        1738.4                          3.99
2026-07-11T09:34:31.581000000Z                          29.8                          4.06                        1738.1                          4.06
2026-07-11T09:35:01.735000000Z                          29.8                             4                        1738.6                             4
2026-07-11T09:35:31.816000000Z                          29.8                          4.17                        1737.9                          4.17
2026-07-11T09:36:01.867000000Z                          29.8                          4.03                        1738.7                          4.03
2026-07-11T09:36:31.901000000Z                          29.8                          3.99                        1738.2                          3.99
2026-07-11T09:37:01.894000000Z                          29.8                          3.89                        1738.5                          3.89
2026-07-11T09:37:32.036000000Z                          29.8                          4.09                        1738.4                          4.09
2026-07-11T09:38:02.089000000Z                          29.8                          4.16                        1738.4                          4.16
2026-07-11T09:38:32.146000000Z                          29.8                          3.95                        1738.6                          3.95
2026-07-11T09:39:02.165000000Z                          29.8                          4.11                        1738.1                          4.11
2026-07-11T09:39:32.088000000Z                          29.8                          3.96                        1738.4                          3.96
2026-07-11T09:40:02.254000000Z                          29.8                          4.05                        1738.2                          4.05
2026-07-11T09:40:32.297000000Z                          29.8                          4.12                        1738.6                          4.12
2026-07-11T09:41:02.224000000Z                          29.8                          4.18                        1738.2                          4.18
2026-07-11T09:41:32.187000000Z                          29.8                          4.05                        1738.4                          4.05
2026-07-11T09:42:02.290000000Z                          29.8                          3.92                        1738.3                          3.92
2026-07-11T09:42:32.263000000Z                          29.8                          4.39                        1737.9                          4.39
2026-07-11T09:43:02.281000000Z                          29.8                          3.84                        1738.4                          3.84
2026-07-11T09:43:32.390000000Z                          29.8                          4.01                        1738.1                          4.01
2026-07-11T09:44:02.436000000Z                          29.8                          3.77                        1738.4                          3.77
2026-07-11T09:44:32.446000000Z                          29.8                          4.11                        1738.1                          4.11
2026-07-11T09:45:02.531000000Z                          29.8                          4.06                          1738                          4.06
2026-07-11T09:45:32.623000000Z                          29.8                          3.86                        1738.4                          3.86
2026-07-11T09:46:02.741000000Z                          29.8                          3.98                        1738.2                          3.98
2026-07-11T09:46:32.840000000Z                          29.8                          4.21                        1737.7                          4.21
2026-07-11T09:47:02.822000000Z                         524.7                          0.47                        1738.2                           0.2
2026-07-11T09:47:32.876000000Z                         524.7                          4.04                        1738.5                          4.04
2026-07-11T09:48:02.926000000Z                          29.8                          3.89                        1737.7                          3.89
2026-07-11T09:48:33.005000000Z                          29.8                          3.99                          1738                          3.99
2026-07-11T09:49:03.113000000Z                          29.8                          4.07                        1738.3                          4.07
2026-07-11T09:49:33.272000000Z                          29.8                          4.11                        1737.8                          4.11
2026-07-11T09:50:03.282000000Z                          29.8                          3.93                        1738.4                          3.93
2026-07-11T09:50:33.334000000Z                          29.8                          4.09                        1738.4                          4.09
2026-07-11T09:51:03.359000000Z                          29.8                          4.14                        1738.1                          4.14
2026-07-11T09:51:33.510000000Z                          29.8                          3.89                        1738.5                          3.89
2026-07-11T09:52:03.563000000Z                          29.8                          3.95                        1738.6                          3.95
2026-07-11T09:52:33.555000000Z                          29.8                           3.9                        1738.6                           3.9
2026-07-11T09:53:03.691000000Z                          29.8                          3.81                        1738.5                          3.81
2026-07-11T09:53:33.724000000Z                          29.8                          3.88                        1738.5                          3.88
2026-07-11T09:54:03.853000000Z                          29.8                          4.09                        1738.2                          4.09
2026-07-11T09:54:33.900000000Z                          29.8                          3.99                        1737.9                          3.99
2026-07-11T09:55:03.941000000Z                          29.8                          3.72                        1738.6                          3.72
2026-07-11T09:55:33.969000000Z                          29.8                          4.05                        1738.3                          4.05
2026-07-11T09:56:04.069000000Z                          29.8                          3.84                        1738.3                          3.84
2026-07-11T09:56:34.098000000Z                          29.8                          4.07                        1738.5                          4.07
2026-07-11T09:57:04.138000000Z                          29.8                          3.85                        1738.1                          3.85
2026-07-11T09:57:34.212000000Z                          29.8                           3.9                        1738.5                           3.9
2026-07-11T09:58:04.258000000Z                          29.8                          3.92                        1738.2                          3.92
2026-07-11T09:58:34.312000000Z                          29.8                          3.98                        1738.4                          3.98
2026-07-11T09:59:04.353000000Z                          29.8                          4.18                        1738.1                          4.18
2026-07-11T09:59:34.445000000Z                          29.8                          4.05                        1738.4                          4.05
2026-07-11T10:00:04.509000000Z                          29.8                          4.28                        1738.1                          4.28
2026-07-11T10:00:34.593000000Z                          29.8                          4.07                        1738.4                          4.07
2026-07-11T10:01:04.635000000Z                          29.8                          3.94                          1738                          3.94
2026-07-11T10:01:28.110000000Z                          29.8                          4.72                        1737.9                          4.72
2026-07-11T10:01:58.147000000Z                          29.8                          3.99                        1738.3                          3.99
2026-07-11T10:02:28.197000000Z                          29.8                          4.01                        1738.4                          4.01
2026-07-11T10:02:58.227000000Z                          29.8                          4.03                        1737.8                          4.03
2026-07-11T10:03:28.300000000Z                          29.8                           4.1                        1738.1                           4.1
2026-07-11T10:03:58.307000000Z                          29.8                          3.98                        1738.4                          3.98
2026-07-11T10:04:28.384000000Z                          29.8                          4.09                        1738.1                          4.09
2026-07-11T10:04:58.401000000Z                          29.8                          4.07                        1738.2                          4.07
2026-07-11T10:05:28.555000000Z                          29.8                          3.81                        1738.5                          3.81
2026-07-11T10:05:58.606000000Z                          29.8                          4.13                        1738.3                          4.13
2026-07-11T10:06:28.671000000Z                          29.8                          4.08                        1738.1                          4.08
2026-07-11T10:06:58.661000000Z                          29.8                          3.96                        1738.3                          3.96
2026-07-11T10:07:28.729000000Z                          29.8                          3.99                        1738.3                          3.99
2026-07-11T10:07:58.711000000Z                          29.8                          4.05                        1738.3                          4.05
2026-07-11T10:08:28.780000000Z                          29.8                          3.92                        1738.2                          3.92
2026-07-11T10:08:58.771000000Z                          29.8                          4.02                        1738.3                          4.02
2026-07-11T10:09:28.825000000Z                          29.8                          3.95                        1737.9                          3.95
2026-07-11T10:09:58.848000000Z                          29.8                          3.94                        1738.2                          3.94
2026-07-11T10:10:28.955000000Z                          29.8                          4.24                        1737.8                          4.24
2026-07-11T10:10:58.988000000Z                          29.8                          3.74                          1738                          3.74
2026-07-11T10:11:29.027000000Z                          29.8                          4.06                        1738.2                          4.06
2026-07-11T10:11:59.078000000Z                          29.8                          3.95                        1738.4                          3.95
2026-07-11T10:12:29.176000000Z                          29.8                          4.05                        1737.6                          4.05
2026-07-11T10:12:59.197000000Z                          29.8                          3.93                        1738.3                          3.93
2026-07-11T10:13:29.229000000Z                          29.8                          4.17                          1738                          4.17
2026-07-11T10:13:59.267000000Z                          29.8                           4.1                        1737.8                           4.1
2026-07-11T10:14:29.318000000Z                          29.8                          3.97                        1738.1                          3.97
2026-07-11T10:14:59.298000000Z                          29.8                          4.16                        1738.3                          4.16
2026-07-11T10:15:29.415000000Z                          29.8                          4.11                        1737.8                          4.11
2026-07-11T10:15:55.874000000Z                          29.8                          4.58                        1737.9                          4.58
2026-07-11T10:16:25.890000000Z                          29.8                          4.19                        1738.5                          4.19
2026-07-11T10:16:55.883000000Z                          29.8                          4.32                        1738.4                          4.32
2026-07-11T10:17:25.945000000Z                          29.8                          3.87                        1738.1                          3.87
2026-07-11T10:17:56.120000000Z                          29.8                          4.14                        1738.2                          4.14
2026-07-11T10:18:26.041000000Z                          29.8                          4.07                        1738.1                          4.07
2026-07-11T10:18:56.120000000Z                          29.8                          3.92                        1737.9                          3.92
2026-07-11T10:19:26.173000000Z                          29.8                          3.89                        1738.5                          3.89
2026-07-11T10:19:56.109000000Z                          29.8                           4.1                        1738.1                           4.1
2026-07-11T10:20:07.615000000Z                          29.8                          4.51                        1738.1                          4.51
2026-07-11T10:20:37.701000000Z                          29.8                          3.99                        1738.2                          3.99
2026-07-11T10:21:07.673000000Z                          29.8                          4.01                        1738.2                          4.01
2026-07-11T10:21:37.718000000Z                          29.8                          3.97                        1737.8                          3.97
2026-07-11T10:22:07.701000000Z                          29.8                             4                          1738                             4
2026-07-11T10:22:37.651000000Z                          29.8                          4.01                        1738.3                          4.01
2026-07-11T10:23:07.775000000Z                          29.8                          3.99                        1738.4                          3.99
2026-07-11T10:23:37.874000000Z                          29.8                          3.82                        1737.8                          3.82
2026-07-11T10:24:08.086000000Z                          29.8                          3.93                        1738.3                          3.93
2026-07-11T10:24:37.963000000Z                          29.8                          4.04                        1738.1                          4.04
2026-07-11T10:25:08.002000000Z                          29.8                          3.98                        1738.2                          3.98
2026-07-11T10:25:37.986000000Z                          29.8                          3.82                        1738.2                          3.82
2026-07-11T10:26:08.045000000Z                          29.8                          4.16                        1738.4                          4.16
2026-07-11T10:26:38.067000000Z                         524.7                          0.46                        1738.2                          0.22
2026-07-11T10:27:08.114000000Z                          29.8                          4.07                        1738.1                          4.07
2026-07-11T10:27:38.119000000Z                          29.8                          4.14                        1737.7                          4.14
2026-07-11T10:28:08.109000000Z                          29.8                          3.89                        1738.5                          3.89
2026-07-11T10:28:38.195000000Z                          29.8                          3.96                        1738.5                          3.96
2026-07-11T10:29:08.225000000Z                          29.8                          4.12                        1737.9                          4.12
2026-07-11T10:29:38.312000000Z                          29.8                          3.81                        1738.1                          3.81
2026-07-11T10:30:08.545000000Z                          29.8                          4.08                        1738.2                          4.08
2026-07-11T10:30:38.426000000Z                          29.8                          4.01                        1737.8                          4.01
2026-07-11T10:31:08.874000000Z                          29.8                          4.06                        1738.3                          4.06
2026-07-11T10:31:38.610000000Z                          29.8                          4.06                        1738.4                          4.06
2026-07-11T10:32:08.619000000Z                          29.8                          3.97                          1738                          3.97
2026-07-11T10:32:38.666000000Z                          29.8                          3.93                        1738.3                          3.93
2026-07-11T10:33:08.763000000Z                          29.8                          4.16                        1737.8                          4.16
2026-07-11T10:33:38.775000000Z                          29.8                          3.84                        1738.3                          3.84
2026-07-11T10:34:08.909000000Z                          29.8                          3.99                        1738.2                          3.99
2026-07-11T10:34:38.916000000Z                          29.8                          4.17                          1738                          4.17
2026-07-11T10:35:08.935000000Z                          29.8                          3.87                        1738.4                          3.87
2026-07-11T10:35:38.945000000Z                          29.8                          4.07                        1738.3                          4.07
2026-07-11T10:36:09.040000000Z                          29.8                           3.8                        1738.2                           3.8
2026-07-11T10:36:39.174000000Z                          29.8                          4.03                        1738.4                          4.03
2026-07-11T10:37:09.126000000Z                          29.8                          4.11                        1737.9                          4.11
2026-07-11T10:37:39.188000000Z                          29.8                          3.94                        1738.5                          3.94
2026-07-11T10:38:09.292000000Z                          29.8                          4.09                        1738.6                          4.09
2026-07-11T10:38:39.314000000Z                          29.8                          4.08                          1738                          4.08
2026-07-11T10:39:09.493000000Z                          29.8                          3.94                        1738.4                          3.94
2026-07-11T10:39:39.497000000Z                          29.8                          4.04                        1737.8                          4.04
2026-07-11T10:40:09.491000000Z                          29.8                          3.96                        1738.5                          3.96
2026-07-11T10:40:39.567000000Z                          29.8                          0.44                        1738.6                          0.21
2026-07-11T10:41:09.625000000Z                          29.8                          4.06                        1738.2                          4.06
2026-07-11T10:41:39.688000000Z                          29.8                             4                        1738.3                             4
2026-07-11T10:42:09.805000000Z                          29.8                          4.04                          1738                          4.04
2026-07-11T10:42:39.795000000Z                          29.8                          3.91                        1738.3                          3.91
2026-07-11T10:43:09.909000000Z                          29.8                          4.15                        1738.3                          4.15
2026-07-11T10:43:39.941000000Z                          29.8                          4.06                        1738.1                          4.06
2026-07-11T10:44:10.065000000Z                          29.8                          3.98                        1737.9                          3.98
2026-07-11T10:44:40.008000000Z                          29.8                          4.21                          1738                          4.21
2026-07-11T10:45:10.035000000Z                          29.8                          3.92                        1738.3                          3.92
2026-07-11T10:45:40.220000000Z                          29.8                          4.15                        1738.3                          4.15
2026-07-11T10:46:10.284000000Z                          29.8                          3.99                        1737.8                          3.99
2026-07-11T10:46:40.383000000Z                          29.8                          3.92                        1738.5                          3.92
2026-07-11T10:47:10.544000000Z                          29.8                          3.98                        1738.2                          3.98
2026-07-11T10:47:40.326000000Z                          29.8                          4.15                        1738.1                          4.15
2026-07-11T10:48:10.503000000Z                          29.8                          3.93                        1738.2                          3.93
2026-07-11T10:48:40.659000000Z                          29.8                          4.22                        1738.4                          4.22
2026-07-11T10:49:10.711000000Z                          29.8                          3.88                        1738.3                          3.88
2026-07-11T10:49:40.761000000Z                          29.8                          3.91                        1738.1                          3.91
2026-07-11T10:50:10.716000000Z                          29.8                          3.98                        1737.8                          3.98
2026-07-11T10:50:30.579000000Z                          29.8                          4.51                        1737.9                          4.51
2026-07-11T10:51:00.672000000Z                          29.8                          4.01                        1738.2                          4.01
2026-07-11T10:51:30.699000000Z                          29.8                          4.06                        1738.3                          4.06
2026-07-11T10:52:00.761000000Z                          29.8                          3.92                        1738.4                          3.92
2026-07-11T10:52:30.721000000Z                          29.8                             4                        1738.4                             4
2026-07-11T10:53:00.757000000Z                          29.8                          3.98                          1738                          3.98
2026-07-11T10:53:30.820000000Z                          29.8                          4.06                        1738.3                          4.06
2026-07-11T10:54:00.869000000Z                          29.8                          4.11                        1738.2                          4.11
2026-07-11T10:54:30.861000000Z                          29.8                          4.03                        1738.3                          4.03
2026-07-11T10:55:00.972000000Z                          29.8                          4.09                        1738.5                          4.09
2026-07-11T10:55:31.022000000Z                          29.8                          4.17                        1738.6                          4.17
2026-07-11T10:56:01.551000000Z                          29.8                          4.23                          1738                          4.23
2026-07-11T10:56:31.196000000Z                          29.8                          3.83                        1738.5                          3.83
2026-07-11T10:57:01.174000000Z                          29.8                          4.09                        1738.4                          4.09
2026-07-11T10:57:31.209000000Z                          29.8                          4.01                        1738.3                          4.01
2026-07-11T10:58:01.165000000Z                          29.8                          4.28                        1737.9                          4.28
2026-07-11T10:58:31.154000000Z                          29.8                          4.02                        1738.4                          4.02
2026-07-11T10:59:01.815000000Z                          29.8                           4.1                        1738.3                           4.1
2026-07-11T10:59:31.462000000Z                          29.8                          3.97                        1738.5                          3.97
2026-07-11T11:00:01.370000000Z                          29.8                          4.13                        1738.1                          4.13
2026-07-11T11:00:31.405000000Z                          29.8                          3.91                        1738.4                          3.91
2026-07-11T11:01:01.431000000Z                          29.8                          4.07                        1738.1                          4.07
2026-07-11T11:01:31.541000000Z                          29.8                          4.01                        1738.3                          4.01
2026-07-11T11:02:01.592000000Z                          29.8                          4.11                        1738.2                          4.11
2026-07-11T11:02:31.617000000Z                          29.8                           3.9                        1738.5                           3.9
2026-07-11T11:03:01.743000000Z                          29.8                          4.06                        1738.3                          4.06
2026-07-11T11:03:31.805000000Z                          29.8                          3.84                        1738.4                          3.84
2026-07-11T11:04:01.806000000Z                          29.8                          4.29                        1738.2                          4.29
2026-07-11T11:04:31.806000000Z                          29.8                          3.97                        1738.3                          3.97
2026-07-11T11:05:01.902000000Z                          29.8                          4.26                        1738.5                          4.26
2026-07-11T11:05:31.981000000Z                          29.8                          4.23                        1738.6                          4.23
2026-07-11T11:06:02.044000000Z                          29.8                          4.11                        1738.2                          4.11
2026-07-11T11:06:32.100000000Z                          29.8                          3.89                        1738.1                          3.89
2026-07-11T11:07:02.137000000Z                          29.8                          4.13                        1738.6                          4.13
2026-07-11T11:07:32.183000000Z                          29.8                          4.07                        1738.5                          4.07
2026-07-11T11:08:02.283000000Z                          29.8                          4.22                        1738.5                          4.22
2026-07-11T11:08:32.337000000Z                          29.8                          3.98                          1738                          3.98
2026-07-11T11:09:02.291000000Z                          29.8                          4.09                        1738.4                          4.09
2026-07-11T11:09:32.398000000Z                          29.8                          4.05                        1738.1                          4.05
2026-07-11T11:10:02.355000000Z                          29.8                          3.95                        1738.4                          3.95
2026-07-11T11:10:32.366000000Z                          29.8                          4.11                        1737.9                          4.11
2026-07-11T11:11:02.458000000Z                          29.8                          4.06                        1738.3                          4.06
2026-07-11T11:11:32.682000000Z                          29.8                          4.01                        1738.3                          4.01
2026-07-11T11:12:02.525000000Z                          29.8                          4.06                        1738.5                          4.06
2026-07-11T11:12:32.542000000Z                          29.8                          3.96                        1738.4                          3.96
2026-07-11T11:13:02.608000000Z                          29.8                          4.01                        1738.5                          4.01
2026-07-11T11:13:32.677000000Z                          29.8                          4.07                        1737.9                          4.07
2026-07-11T11:14:02.778000000Z                          29.8                          3.94                        1738.4                          3.94
2026-07-11T11:14:32.790000000Z                          29.8                          3.91                        1737.9                          3.91
2026-07-11T11:15:02.823000000Z                          29.8                          4.16                        1738.3                          4.16
2026-07-11T11:15:32.977000000Z                          29.8                          4.05                        1738.3                          4.05
2026-07-11T11:16:34.624000000Z                          29.8                          4.22                        1738.5                          4.22
2026-07-11T11:17:04.738000000Z                          29.8                          3.92                        1738.3                          3.92
2026-07-11T11:17:34.811000000Z                          29.8                          4.04                        1738.5                          4.04
2026-07-11T11:18:04.798000000Z                          29.8                          3.91                        1738.1                          3.91
2026-07-11T11:18:34.916000000Z                          29.8                          4.01                        1738.5                          4.01
2026-07-11T11:19:04.962000000Z                         524.7                          0.63                          1738                          0.18
2026-07-11T11:19:35.010000000Z                          29.8                          3.99                        1738.3                          3.99
2026-07-11T11:20:05.029000000Z                          29.8                          4.17                        1737.7                          4.17
2026-07-11T11:20:35.061000000Z                          29.8                          4.01                        1738.4                          4.01
2026-07-11T11:21:05.041000000Z                          29.8                          4.07                          1738                          4.07
2026-07-11T11:21:35.117000000Z                          29.8                          3.96                        1738.2                          3.96
2026-07-11T11:22:05.155000000Z                          29.8                          4.11                        1738.4                          4.11
2026-07-11T11:22:35.251000000Z                          29.8                          4.11                        1738.1                          4.11
2026-07-11T11:23:05.312000000Z                          29.8                          4.19                        1738.3                          4.19
2026-07-11T11:23:35.317000000Z                          29.8                          3.94                          1738                          3.94
2026-07-11T11:24:05.468000000Z                          29.8                          4.02                        1738.2                          4.02
2026-07-11T11:24:35.503000000Z                          29.8                          3.99                        1738.3                          3.99
2026-07-11T11:25:05.513000000Z                          29.8                          4.04                        1738.2                          4.04
2026-07-11T11:25:35.479000000Z                          29.8                          3.95                        1738.1                          3.95
2026-07-11T11:26:05.622000000Z                          29.8                          3.95                        1738.5                          3.95
2026-07-11T11:26:35.664000000Z                          29.8                          4.11                        1737.8                          4.11
2026-07-11T11:27:05.631000000Z                          29.8                          3.97                        1738.6                          3.97
2026-07-11T11:27:35.744000000Z                          29.8                          4.12                          1738                          4.12
2026-07-11T11:28:05.870000000Z                          29.8                          3.98                        1738.5                          3.98
2026-07-11T11:28:35.891000000Z                          29.8                           4.1                        1738.3                           4.1
2026-07-11T11:29:05.800000000Z                          29.8                          3.86                        1738.3                          3.86
2026-07-11T11:29:35.892000000Z                          29.8                          4.11                        1738.3                          4.11
2026-07-11T11:30:05.963000000Z                          29.8                          3.94                        1738.3                          3.94
2026-07-11T11:30:36.018000000Z                          29.8                          4.11                        1738.4                          4.11
2026-07-11T11:31:06.099000000Z                          29.8                          4.08                        1738.4                          4.08
2026-07-11T11:31:36.118000000Z                          29.8                          4.33                        1738.3                          4.33
2026-07-11T11:32:06.156000000Z                          29.8                          4.12                        1737.9                          4.12
2026-07-11T11:32:36.221000000Z                          29.8                          4.13                        1738.2                          4.13
2026-07-11T11:33:06.225000000Z                          29.8                          4.22                        1737.9                          4.22
2026-07-11T11:33:36.337000000Z                          29.8                          3.87                        1738.4                          3.87
2026-07-11T11:34:01.201000000Z                          29.8                           4.5                        1738.5                           4.5
2026-07-11T11:34:31.271000000Z                          29.8                          3.95                        1738.3                          3.95
2026-07-11T11:35:01.345000000Z                          29.8                          4.21                        1738.3                          4.21
2026-07-11T11:35:31.254000000Z                          29.8                          4.01                        1738.7                          4.01
2026-07-11T11:36:01.314000000Z                          29.8                          4.12                          1738                          4.12
2026-07-11T11:36:31.425000000Z                          29.8                          4.03                        1738.3                          4.03
2026-07-11T11:37:01.436000000Z                          29.8                          4.01                        1738.4                          4.01
2026-07-11T11:37:31.555000000Z                          29.8                          4.28                        1738.3                          4.28
2026-07-11T11:38:01.523000000Z                          29.8                          3.96                        1738.7                          3.96
2026-07-11T11:38:31.475000000Z                          29.8                          4.38                          1738                          4.38
2026-07-11T11:39:01.626000000Z                          29.8                          3.94                        1738.5                          3.94
2026-07-11T11:39:31.853000000Z                          29.8                             4                        1738.4                             4
2026-07-11T11:40:01.842000000Z                          29.8                          4.09                        1738.4                          4.09
2026-07-11T11:40:31.861000000Z                          29.8                          3.88                        1738.6                          3.88
2026-07-11T11:41:01.927000000Z                          29.8                          4.26                        1738.3                          4.26
2026-07-11T11:41:32.024000000Z                          29.8                          3.95                        1738.6                          3.95
2026-07-11T11:42:02.098000000Z                          29.8                          4.09                        1738.1                          4.09
2026-07-11T11:42:32.155000000Z                          29.8                          3.92                        1738.6                          3.92
2026-07-11T11:43:02.116000000Z                          29.8                          4.13                        1738.6                          4.13
2026-07-11T11:43:32.156000000Z                          29.8                          4.08                        1738.5                          4.08
2026-07-11T11:44:02.332000000Z                         524.7                          3.94                        1738.2                          3.94
2026-07-11T11:44:32.396000000Z                          29.8                          4.21                        1738.5                          4.21
2026-07-11T11:45:02.443000000Z                          29.8                           3.9                        1738.4                           3.9
2026-07-11T11:45:32.467000000Z                          29.8                          4.12                        1738.3                          4.12
2026-07-11T11:46:02.524000000Z                          29.8                           4.2                        1738.3                           4.2
2026-07-11T11:46:32.529000000Z                          29.8                          4.25                        1737.8                          4.25
2026-07-11T11:47:02.578000000Z                          29.8                          3.94                        1738.3                          3.94
2026-07-11T11:47:32.674000000Z                          29.8                          4.19                        1737.9                          4.19
2026-07-11T11:48:02.812000000Z                          29.8                          4.05                        1738.4                          4.05
2026-07-11T11:48:32.885000000Z                          29.8                           4.1                        1737.9                           4.1
2026-07-11T11:49:02.908000000Z                          29.8                          3.98                        1738.6                          3.98
2026-07-11T11:49:32.947000000Z                          29.8                          4.07                        1737.9                          4.07
2026-07-11T11:49:43.898000000Z                          29.8                           4.5                        1738.4                           4.5
2026-07-11T11:50:13.992000000Z                          29.8                          3.93                        1738.4                          3.93
2026-07-11T11:50:44.038000000Z                          29.8                          4.28                        1737.9                          4.28
2026-07-11T11:51:14.133000000Z                         524.7                          0.46                        1738.4                          0.18
2026-07-11T11:51:44.161000000Z                          29.8                          4.23                        1738.4                          4.23
2026-07-11T11:52:14.170000000Z                          29.8                          3.88                        1738.3                          3.88
2026-07-11T11:52:44.250000000Z                          29.8                          4.03                        1738.1                          4.03
2026-07-11T11:53:14.267000000Z                          29.8                          3.99                        1738.3                          3.99
2026-07-11T11:53:44.244000000Z                          29.8                          4.17                        1738.1                          4.17
2026-07-11T11:54:14.284000000Z                          29.8                          3.91                        1738.6                          3.91
2026-07-11T11:54:44.333000000Z                          29.8                          4.09                          1738                          4.09
2026-07-11T11:55:14.577000000Z                          29.8                          4.11                          1738                          4.11
2026-07-11T11:55:44.510000000Z                          29.8                          3.96                        1738.2                          3.96
2026-07-11T11:56:14.534000000Z                          29.8                          4.19                        1737.9                          4.19
2026-07-11T11:56:44.635000000Z                          29.8                          3.99                        1738.2                          3.99
2026-07-11T11:57:14.669000000Z                          29.8                          4.15                        1738.1                          4.15
2026-07-11T11:57:44.732000000Z                          29.8                          4.07                        1738.4                          4.07
2026-07-11T11:58:14.762000000Z                          29.8                          4.14                        1738.4                          4.14
2026-07-11T11:58:44.863000000Z                          29.8                          4.14                        1738.4                          4.14
2026-07-11T11:59:15.338000000Z                          29.8                          4.11                        1738.2                          4.11
2026-07-11T11:59:44.948000000Z                          29.8                          4.05                        1738.5                          4.05
2026-07-11T12:00:15.054000000Z                          29.8                          4.27                        1738.1                          4.27
2026-07-11T12:00:45.070000000Z                          29.8                           3.9                        1738.1                           3.9
2026-07-11T12:01:11.964000000Z                          29.8                           4.5                          1738                           4.5
2026-07-11T12:01:41.896000000Z                          29.8                          3.97                        1738.5                          3.97
2026-07-11T12:01:53.176000000Z                          29.8                          4.57                          1738                          4.57
2026-07-11T12:02:23.111000000Z                          29.8                          4.02                        1738.1                          4.02
2026-07-11T12:02:53.132000000Z                          29.8                          4.07                        1738.1                          4.07
2026-07-11T12:03:23.274000000Z                         524.7                          0.43                          1738                          0.18
2026-07-11T12:03:34.202000000Z                          29.8                          4.54                        1737.7                          4.54
2026-07-11T12:03:44.616000000Z                          29.8                           4.5                        1737.8                           4.5
2026-07-11T12:04:14.728000000Z                          29.8                          4.14                        1738.3                          4.14
2026-07-11T12:04:44.845000000Z                          29.8                          3.98                        1738.5                          3.98
2026-07-11T12:05:14.839000000Z                          29.8                          3.94                          1738                          3.94
2026-07-11T12:05:44.952000000Z                          29.8                          3.93                        1738.4                          3.93
2026-07-11T12:06:15.027000000Z                          29.8                           4.2                        1738.1                           4.2
2026-07-11T12:06:45.115000000Z                          29.8                          4.05                        1738.4                          4.05
2026-07-11T12:07:03.166000000Z                          29.8                          4.59                          1738                          4.59
2026-07-11T12:07:33.269000000Z                          29.8                          3.85                        1738.4                          3.85
2026-07-11T12:08:03.327000000Z                          29.8                          4.01                        1737.8                          4.01
2026-07-11T12:08:33.398000000Z                          29.8                          4.17                        1738.4                          4.17
2026-07-11T12:09:03.452000000Z                          29.8                          4.12                          1738                          4.12
2026-07-11T12:09:33.557000000Z                          29.8                          3.97                        1738.4                          3.97
2026-07-11T12:10:03.635000000Z                         524.7                          0.63                        1738.3                          0.21
2026-07-11T12:10:33.770000000Z                          29.8                           4.1                        1738.7                           4.1
2026-07-11T12:10:52.118000000Z                          29.8                           4.5                        1738.3                           4.5
2026-07-11T12:11:22.245000000Z                          29.8                          3.98                        1738.5                          3.98
2026-07-11T12:11:52.365000000Z                          29.8                          4.23                        1738.4                          4.23
2026-07-11T12:12:22.425000000Z                          29.8                           4.1                        1738.2                           4.1
2026-07-11T12:12:39.180000000Z                          29.8                          4.51                        1738.1                          4.51
2026-07-11T12:13:09.274000000Z                          29.8                          4.03                        1738.5                          4.03
2026-07-11T12:13:39.220000000Z                          29.8                          4.07                        1738.1                          4.07
2026-07-11T12:14:09.289000000Z                          29.8                          4.06                        1738.1                          4.06
2026-07-11T12:14:39.361000000Z                          29.8                          4.07                        1738.3                          4.07
2026-07-11T12:15:09.527000000Z                          29.8                          4.03                        1738.1                          4.03
2026-07-11T12:15:39.593000000Z                          29.8                          4.13                        1738.4                          4.13
2026-07-11T12:16:09.591000000Z                          29.8                          3.86                        1738.2                          3.86
2026-07-11T12:16:39.662000000Z                          29.8                          4.11                        1738.4                          4.11
2026-07-11T12:17:09.661000000Z                          29.8                          4.14                        1737.8                          4.14
2026-07-11T12:17:35.145000000Z                          29.8                           4.5                        1738.1                           4.5
2026-07-11T12:18:05.242000000Z                          29.8                          3.93                        1738.1                          3.93
2026-07-11T12:18:35.275000000Z                          29.8                          4.09                          1738                          4.09
2026-07-11T12:19:05.322000000Z                          29.8                           3.9                        1738.2                           3.9
2026-07-11T12:19:35.326000000Z                          29.8                          4.14                          1738                          4.14
2026-07-11T12:20:05.401000000Z                          29.8                          3.92                        1738.1                          3.92
2026-07-11T12:20:35.470000000Z                          29.8                          4.07                        1738.2                          4.07
2026-07-11T12:21:05.477000000Z                          29.8                          4.24                        1738.2                          4.24
2026-07-11T12:21:35.928000000Z                          29.8                          3.99                        1738.1                          3.99
2026-07-11T12:22:05.550000000Z                          29.8                           3.9                        1738.1                           3.9
2026-07-11T12:22:35.587000000Z                          29.8                           4.1                        1738.1                           4.1
2026-07-11T12:23:04.647000000Z                          29.8                          4.69                        1738.4                          4.69
2026-07-11T12:23:34.765000000Z                          29.8                          4.09                        1738.3                          4.09
2026-07-11T12:24:04.984000000Z                          29.8                          4.13                        1738.2                          4.13
2026-07-11T12:24:34.847000000Z                          29.8                          3.97                        1738.3                          3.97
2026-07-11T12:25:04.886000000Z                          29.8                          4.28                        1738.6                          4.28
2026-07-11T12:25:34.977000000Z                          29.8                          3.97                        1738.5                          3.97
2026-07-11T12:25:47.421000000Z                          29.8                           4.5                        1737.8                           4.5
2026-07-11T12:26:08.665000000Z                          29.8                          4.53                          1738                          4.53
2026-07-11T12:26:38.713000000Z                          29.8                          3.89                        1738.4                          3.89
2026-07-11T12:27:08.843000000Z                          29.8                          4.15                          1738                          4.15
2026-07-11T12:27:38.864000000Z                          29.8                           3.9                        1738.4                           3.9
2026-07-11T12:28:08.870000000Z                          29.8                          4.07                        1738.4                          4.07
2026-07-11T12:28:39.050000000Z                          29.8                          4.21                        1738.1                          4.21
2026-07-11T12:29:08.981000000Z                          29.8                          4.11                        1738.2                          4.11
2026-07-11T12:29:39.060000000Z                          29.8                          3.92                        1738.1                          3.92
2026-07-11T12:29:56.653000000Z                          29.8                          4.54                        1737.8                          4.54
2026-07-11T12:30:26.694000000Z                         524.7                          4.35                        1738.1                          4.35
2026-07-11T12:30:40.681000000Z                          29.8                          4.52                        1738.2                          4.52
2026-07-11T12:31:10.805000000Z                          29.8                          4.15                        1738.3                          4.15
2026-07-11T12:31:40.785000000Z                          29.8                          4.15                        1738.4                          4.15
2026-07-11T12:32:10.796000000Z                          29.8                             4                        1738.2                             4
2026-07-11T12:32:40.860000000Z                          29.8                          4.03                        1738.1                          4.03
2026-07-11T12:33:11.040000000Z                          29.8                          4.33                          1738                          4.33
2026-07-11T12:33:41.056000000Z                          29.8                          3.94                        1738.2                          3.94
2026-07-11T12:34:11.029000000Z                          29.8                          4.14                          1738                          4.14
2026-07-11T12:34:41.176000000Z                          29.8                          4.14                        1737.8                          4.14
2026-07-11T12:35:11.295000000Z                          29.8                          4.14                        1738.2                          4.14
2026-07-11T12:35:41.253000000Z                          29.8                          4.26                        1738.1                          4.26
2026-07-11T12:36:11.499000000Z                          29.8                          3.89                        1738.2                          3.89
2026-07-11T12:36:41.364000000Z                          29.8                          4.22                          1738                          4.22
2026-07-11T12:37:11.425000000Z                          29.8                          4.17                        1737.7                          4.17
2026-07-11T12:37:41.511000000Z                          29.8                          3.87                        1738.3                          3.87
2026-07-11T12:38:11.613000000Z                          29.8                          4.19                          1738                          4.19
2026-07-11T12:38:41.685000000Z                          29.8                          3.92                          1738                          3.92
2026-07-11T12:39:11.602000000Z                          29.8                          3.98                        1737.9                          3.98
2026-07-11T12:39:41.665000000Z                          29.8                          3.94                        1738.2                          3.94
2026-07-11T12:40:11.752000000Z                          29.8                           4.1                        1737.4                           4.1
2026-07-11T12:40:41.798000000Z                          29.8                          3.93                          1738                          3.93
2026-07-11T12:41:11.816000000Z                          29.8                          3.91                        1738.1                          3.91
2026-07-11T12:41:41.866000000Z                          29.8                          3.99                        1737.6                          3.99
2026-07-11T12:42:11.898000000Z                         524.7                          0.68                        1737.8                          0.21
2026-07-11T12:42:41.911000000Z                          29.8                          3.89                        1738.2                          3.89
2026-07-11T12:43:12.108000000Z                          29.8                          4.01                        1737.9                          4.01
2026-07-11T12:43:41.956000000Z                          29.8                           3.9                        1738.1                           3.9
2026-07-11T12:44:12.122000000Z                          29.8                          4.06                        1738.1                          4.06
2026-07-11T12:44:42.192000000Z                          29.8                          3.95                        1738.4                          3.95
2026-07-11T12:45:12.182000000Z                          29.8                           4.1                        1737.8                           4.1
2026-07-11T12:45:42.243000000Z                          29.8                          3.82                        1737.9                          3.82
2026-07-11T12:46:12.285000000Z                          29.8                          3.97                        1737.9                          3.97
2026-07-11T12:46:42.367000000Z                          29.8                          4.04                        1737.8                          4.04
2026-07-11T12:47:12.420000000Z                          29.8                          3.91                        1738.2                          3.91
2026-07-11T12:47:42.439000000Z                         524.7                          0.48                        1738.1                           0.2
2026-07-11T12:48:12.676000000Z                          29.8                          3.94                        1738.3                          3.94
2026-07-11T12:48:42.577000000Z                          29.8                          0.75                          1738                          0.21
2026-07-11T12:49:12.625000000Z                          29.8                          4.08                        1738.2                          4.08
2026-07-11T12:49:42.683000000Z                          29.8                          3.98                        1738.3                          3.98
2026-07-11T12:50:12.737000000Z                          29.8                          4.06                        1737.9                          4.06
2026-07-11T12:50:42.715000000Z                          29.8                          3.98                        1738.3                          3.98
2026-07-11T12:51:12.827000000Z                          29.8                          3.93                        1737.8                          3.93
2026-07-11T12:51:24.732000000Z                          29.8                          4.67                        1737.8                          4.67
2026-07-11T12:51:54.745000000Z                          29.8                          4.12                          1738                          4.12
2026-07-11T12:52:24.802000000Z                          29.8                          3.94                        1738.2                          3.94
2026-07-11T12:52:54.799000000Z                          29.8                          4.04                        1737.7                          4.04
2026-07-11T12:53:24.878000000Z                          29.8                          4.17                          1738                          4.17
2026-07-11T12:53:54.923000000Z                          29.8                          3.93                          1738                          3.93
2026-07-11T12:54:24.998000000Z                          29.8                           3.9                          1738                           3.9
2026-07-11T12:54:55.103000000Z                          29.8                          3.98                        1737.8                          3.98
2026-07-11T12:55:25.166000000Z                          29.8                          3.89                        1737.7                          3.89
2026-07-11T12:55:55.626000000Z                          29.8                          3.81                        1737.8                          3.81
2026-07-11T12:56:25.261000000Z                          29.8                          3.96                        1737.9                          3.96
2026-07-11T12:56:55.264000000Z                          29.8                          4.08                        1737.6                          4.08
2026-07-11T12:57:25.373000000Z                          29.8                          3.91                          1738                          3.91
2026-07-11T12:57:55.338000000Z                          29.8                          3.79                        1738.3                          3.79
2026-07-11T12:58:25.376000000Z                          29.8                          4.01                        1738.2                          4.01
2026-07-11T12:58:55.375000000Z                          29.8                          3.96                        1737.8                          3.96
2026-07-11T12:59:25.598000000Z                          29.8                          3.82                        1738.1                          3.82
2026-07-11T12:59:55.411000000Z                          29.8                          3.87                        1738.1                          3.87
2026-07-11T13:00:25.574000000Z                          29.8                          4.15                        1737.7                          4.15
2026-07-11T13:00:55.677000000Z                          29.8                          3.94                        1738.1                          3.94
2026-07-11T13:01:25.741000000Z                          29.8                          3.97                          1738                          3.97
2026-07-11T13:01:55.779000000Z                          29.8                          4.07                        1737.9                          4.07
2026-07-11T13:02:25.810000000Z                          29.8                          4.32                        1737.7                          4.32
2026-07-11T13:02:55.864000000Z                         524.7                          3.85                        1738.1                          3.85
2026-07-11T13:03:25.983000000Z                          29.8                           3.9                          1738                           3.9
2026-07-11T13:03:56.027000000Z                          29.8                          4.04                          1738                          4.04
2026-07-11T13:04:26.102000000Z                          29.8                          3.91                        1737.6                          3.91
2026-07-11T13:04:56.014000000Z                          29.8                          3.98                        1737.9                          3.98
2026-07-11T13:05:26.019000000Z                          29.8                          4.17                        1737.9                          4.17
2026-07-11T13:05:56.202000000Z                          29.8                          4.01                        1737.8                          4.01
2026-07-11T13:06:26.285000000Z                          29.8                          3.92                        1737.9                          3.92
2026-07-11T13:06:56.296000000Z                          29.8                          3.79                        1738.1                          3.79
2026-07-11T13:07:26.362000000Z                          29.8                          4.04                        1738.1                          4.04
2026-07-11T13:07:56.378000000Z                          29.8                          4.07                        1737.8                          4.07
2026-07-11T13:08:26.452000000Z                          29.8                          3.95                        1737.9                          3.95
2026-07-11T13:08:56.456000000Z                          29.8                          3.82                        1738.1                          3.82
2026-07-11T13:09:26.582000000Z                          29.8                          4.19                        1738.3                          4.19
2026-07-11T13:09:56.717000000Z                          29.8                          4.07                        1738.1                          4.07
2026-07-11T13:10:26.794000000Z                          29.8                          3.94                        1738.1                          3.94
2026-07-11T13:10:56.792000000Z                          29.8                          3.74                          1738                          3.74
2026-07-11T13:11:26.804000000Z                          29.8                          4.17                          1738                          4.17
2026-07-11T13:11:56.826000000Z                          29.8                          4.21                        1737.6                          4.21
2026-07-11T13:12:26.841000000Z                          29.8                          3.91                        1738.1                          3.91
2026-07-11T13:12:56.884000000Z                          29.8                          3.89                        1738.2                          3.89
2026-07-11T13:13:26.894000000Z                          29.8                          4.12                        1737.9                          4.12
2026-07-11T13:13:56.922000000Z                          29.8                          4.06                        1737.8                          4.06
2026-07-11T13:14:27.095000000Z                          29.8                          3.96                          1738                          3.96
2026-07-11T13:14:57.194000000Z                          29.8                          3.87                        1738.1                          3.87
2026-07-11T13:15:27.233000000Z                          29.8                          4.04                        1738.1                          4.04
2026-07-11T13:15:53.373000000Z                          29.8                          4.93                        1738.1                          4.93
2026-07-11T13:16:23.522000000Z                          29.8                          4.04                        1737.9                          4.04
2026-07-11T13:16:53.493000000Z                          29.8                          3.91                        1738.1                          3.91
2026-07-11T13:17:23.632000000Z                          29.8                          3.94                        1738.4                          3.94
2026-07-11T13:17:53.609000000Z                          29.8                          4.14                        1737.7                          4.14
2026-07-11T13:18:23.712000000Z                          29.8                          4.32                        1737.5                          4.32
2026-07-11T13:18:53.811000000Z                          29.8                          3.94                        1738.1                          3.94
2026-07-11T13:19:23.725000000Z                          29.8                          3.89                        1738.4                          3.89
2026-07-11T13:19:54.232000000Z                          29.8                          4.11                        1738.1                          4.11
2026-07-11T13:20:23.805000000Z                          29.8                             4                          1738                             4
2026-07-11T13:21:25.604000000Z                         524.7                          0.52                        1737.9                          0.22
2026-07-11T13:21:55.347000000Z                          29.8                           3.8                        1738.2                           3.8
2026-07-11T13:22:25.428000000Z                         524.7                          0.39                        1738.1                          0.22
2026-07-11T13:22:55.440000000Z                         524.7                          0.59                        1737.8                          0.19
2026-07-11T13:23:25.509000000Z                          29.8                           3.9                        1738.1                           3.9
2026-07-11T13:23:55.587000000Z                          29.8                          4.18                          1738                          4.18
2026-07-11T13:24:25.694000000Z                          29.8                          4.14                          1738                          4.14
2026-07-11T13:24:55.701000000Z                          29.8                          3.99                        1738.1                          3.99
2026-07-11T13:25:25.759000000Z                          29.8                          4.12                        1737.7                          4.12
2026-07-11T13:25:55.855000000Z                          29.8                          3.83                        1738.2                          3.83
2026-07-11T13:26:25.903000000Z                          29.8                           3.9                        1738.3                           3.9
2026-07-11T13:26:55.875000000Z                          29.8                          4.14                        1737.6                          4.14
2026-07-11T13:27:25.868000000Z                          29.8                          3.78                        1738.2                          3.78
2026-07-11T13:28:13.029000000Z                          29.8                          4.59                          1738                          4.59
2026-07-11T13:28:42.927000000Z                          29.8                          3.92                        1738.2                          3.92
2026-07-11T13:29:03.189000000Z                          29.8                          4.55                        1737.6                          4.55
2026-07-11T13:29:33.291000000Z                         524.7                          3.83                        1738.1                          3.83
2026-07-11T13:30:03.454000000Z                          29.8                          4.07                        1738.1                          4.07
2026-07-11T13:30:33.439000000Z                          29.8                          4.08                          1738                          4.08
2026-07-11T13:31:35.277000000Z                          29.8                          3.93                        1738.1                          3.93
2026-07-11T13:32:05.326000000Z                          29.8                             4                        1738.1                             4
2026-07-11T13:32:35.421000000Z                          29.8                           4.1                        1737.6                           4.1
2026-07-11T13:33:05.522000000Z                          29.8                          4.21                        1737.5                          4.21
2026-07-11T13:33:35.424000000Z                          29.8                          3.91                        1738.1                          3.91
2026-07-11T13:34:05.525000000Z                          29.8                          3.93                          1738                          3.93
2026-07-11T13:34:29.065000000Z                          29.8                          4.53                        1737.8                          4.53
2026-07-11T13:34:58.944000000Z                          29.8                          4.06                        1737.8                          4.06
2026-07-11T13:35:18.055000000Z                          29.8                          4.55                        1737.6                          4.55
2026-07-11T13:35:48.134000000Z                          29.8                          4.01                        1737.9                          4.01
2026-07-11T13:36:18.155000000Z                          29.8                          4.08                        1738.1                          4.08
2026-07-11T13:36:48.213000000Z                          29.8                          4.24                        1737.8                          4.24
2026-07-11T13:37:18.219000000Z                          29.8                          4.11                        1737.5                          4.11
2026-07-11T13:37:48.312000000Z                          29.8                          3.88                          1738                          3.88
2026-07-11T13:38:18.412000000Z                          29.8                          4.01                        1738.2                          4.01
2026-07-11T13:38:48.484000000Z                          29.8                          4.31                        1737.6                          4.31
2026-07-11T13:39:18.935000000Z                          29.8                          4.05                          1738                          4.05
2026-07-11T13:39:48.541000000Z                          29.8                          3.88                        1738.2                          3.88
2026-07-11T13:40:18.630000000Z                          29.8                          4.33                        1737.8                          4.33
2026-07-11T13:40:48.513000000Z                          29.8                          4.13                        1737.6                          4.13
2026-07-11T13:41:18.550000000Z                          29.8                          3.84                        1738.3                          3.84
2026-07-11T13:41:48.534000000Z                          29.8                          4.22                          1738                          4.22
2026-07-11T13:42:04.440000000Z                          29.8                          4.54                        1738.1                          4.54
2026-07-11T13:42:34.491000000Z                          29.8                          4.07                        1737.6                          4.07
2026-07-11T13:43:04.465000000Z                         524.7                           4.1                        1738.1                           4.1
2026-07-11T13:43:34.518000000Z                          29.8                             4                        1738.1                             4
2026-07-11T13:44:04.631000000Z                          29.8                          4.05                        1737.6                          4.05
2026-07-11T13:44:31.253000000Z                          29.8                          4.53                        1737.8                          4.53
2026-07-11T13:45:01.319000000Z                          29.8                          3.96                        1737.8                          3.96
2026-07-11T13:45:31.333000000Z                          29.8                           3.8                          1738                           3.8
2026-07-11T13:46:01.493000000Z                          29.8                          4.04                        1738.1                          4.04
2026-07-11T13:46:31.676000000Z                          29.8                          4.13                        1737.7                          4.13
2026-07-11T13:47:01.514000000Z                          29.8                          3.76                        1738.2                          3.76
2026-07-11T13:47:31.573000000Z                          29.8                          4.19                          1738                          4.19
2026-07-11T13:48:01.585000000Z                          29.8                          4.09                        1737.7                          4.09
2026-07-11T13:48:31.748000000Z                          29.8                          4.07                        1737.8                          4.07
2026-07-11T13:49:01.788000000Z                          29.8                          4.06                        1738.2                          4.06
2026-07-11T13:49:31.797000000Z                          29.8                          3.97                          1738                          3.97
2026-07-11T13:50:01.932000000Z                          29.8                          3.95                        1737.7                          3.95
2026-07-11T13:50:31.997000000Z                          29.8                          4.03                        1738.4                          4.03
2026-07-11T13:51:02.001000000Z                          29.8                          3.94                        1738.1                          3.94
2026-07-11T13:51:32.036000000Z                         524.7                          0.35                        1737.9                          0.17
2026-07-11T13:52:02.058000000Z                          29.8                          3.96                          1738                          3.96
2026-07-11T13:52:32.112000000Z                          29.8                          4.14                        1738.3                          4.14
2026-07-11T13:53:02.173000000Z                          29.8                          4.06                        1737.7                          4.06
2026-07-11T13:53:32.281000000Z                          29.8                          3.92                        1737.9                          3.92
2026-07-11T13:54:02.325000000Z                          29.8                          4.09                        1738.1                          4.09
2026-07-11T13:54:32.341000000Z                          29.8                          4.02                        1738.1                          4.02
2026-07-11T13:55:02.487000000Z                          29.8                          4.15                        1738.1                          4.15
2026-07-11T13:55:32.543000000Z                          29.8                          4.03                        1737.7                          4.03
2026-07-11T13:56:02.598000000Z                          29.8                          3.99                        1738.2                          3.99
2026-07-11T13:56:32.722000000Z                          29.8                          4.02                        1738.1                          4.02
2026-07-11T13:57:02.825000000Z                          29.8                          4.08                        1738.3                          4.08
2026-07-11T13:57:32.856000000Z                          29.8                          3.91                        1737.8                          3.91
2026-07-11T13:58:02.913000000Z                          29.8                          4.03                        1738.1                          4.03
2026-07-11T13:58:33.118000000Z                          29.8                          4.01                        1738.2                          4.01
2026-07-11T13:59:03.017000000Z                          29.8                          4.05                        1737.9                          4.05
2026-07-11T13:59:33.126000000Z                         524.7                          0.52                        1737.5                          0.18
2026-07-11T13:59:43.537000000Z                          29.8                          4.53                        1737.7                          4.53
2026-07-11T14:00:13.550000000Z                          29.8                          3.95                          1738                          3.95
2026-07-11T14:00:44.070000000Z                          29.8                          3.99                          1738                          3.99
2026-07-11T14:01:13.598000000Z                          29.8                          4.27                        1737.6                          4.27
2026-07-11T14:01:43.648000000Z                          29.8                          3.93                        1737.6                          3.93
2026-07-11T14:02:13.798000000Z                          29.8                          3.88                        1737.8                          3.88
2026-07-11T14:02:43.828000000Z                          29.8                          3.87                          1738                          3.87
2026-07-11T14:03:13.755000000Z                         524.7                          0.38                          1738                          0.18
2026-07-11T14:03:43.768000000Z                          29.8                          4.01                        1737.8                          4.01
2026-07-11T14:04:13.808000000Z                          29.8                          3.85                        1738.2                          3.85
2026-07-11T14:04:43.903000000Z                          29.8                          4.01                        1738.2                          4.01
2026-07-11T14:05:13.902000000Z                          29.8                          4.04                        1737.6                          4.04
2026-07-11T14:05:44.033000000Z                          29.8                          3.86                        1737.9                          3.86
2026-07-11T14:06:14.084000000Z                          29.8                          3.86                        1738.1                          3.86
2026-07-11T14:06:44.127000000Z                          29.8                          4.14                        1737.8                          4.14
2026-07-11T14:07:14.227000000Z                         524.7                          0.34                        1737.8                          0.21
2026-07-11T14:07:44.093000000Z                          29.8                          3.85                        1737.9                          3.85
2026-07-11T14:08:14.228000000Z                          29.8                          3.96                        1737.9                          3.96
2026-07-11T14:08:44.294000000Z                          29.8                          4.07                          1738                          4.07
2026-07-11T14:09:14.396000000Z                         524.7                          0.42                        1737.6                          0.19
2026-07-11T14:09:44.328000000Z                          29.8                           3.9                        1737.9                           3.9
2026-07-11T14:10:14.323000000Z                          29.8                          3.91                        1737.9                          3.91
2026-07-11T14:10:44.465000000Z                          29.8                          4.02                        1737.7                          4.02
2026-07-11T14:11:14.381000000Z                          29.8                          4.07                        1737.4                          4.07
2026-07-11T14:11:44.446000000Z                          29.8                          4.05                        1737.6                          4.05
2026-07-11T14:12:14.502000000Z                          29.8                          3.93                        1738.1                          3.93
2026-07-11T14:12:44.545000000Z                          29.8                          4.23                        1738.1                          4.23
2026-07-11T14:13:14.711000000Z                          29.8                          4.05                        1737.6                          4.05
2026-07-11T14:21:58.166000000Z                          29.8                          4.29                        1737.8                          4.29
2026-07-11T14:22:28.326000000Z                          29.8                          3.95                        1737.8                          3.95
2026-07-11T14:22:58.373000000Z                          29.8                          4.01                        1738.1                          4.01
2026-07-11T14:23:28.499000000Z                          29.8                          4.08                        1737.8                          4.08
2026-07-11T14:23:58.421000000Z                          29.8                          3.91                        1737.6                          3.91
2026-07-11T14:24:28.553000000Z                          29.8                          3.94                        1737.7                          3.94
2026-07-11T14:24:58.597000000Z                          29.8                          3.77                        1738.1                          3.77
2026-07-11T14:25:28.719000000Z                          29.8                          3.86                        1737.7                          3.86
2026-07-11T14:25:58.802000000Z                          29.8                          3.92                          1738                          3.92
2026-07-11T14:26:28.966000000Z                          29.8                          3.96                          1738                          3.96
2026-07-11T14:26:58.875000000Z                          29.8                          3.99                        1737.9                          3.99
2026-07-11T14:27:29.042000000Z                          29.8                           4.1                        1737.9                           4.1
2026-07-11T14:27:59.022000000Z                          29.8                          3.75                        1738.3                          3.75
2026-07-11T14:28:29.115000000Z                          29.8                          4.03                        1738.2                          4.03
2026-07-11T14:28:59.122000000Z                          29.8                          3.85                          1738                          3.85
2026-07-11T14:29:29.193000000Z                          29.8                          3.95                          1738                          3.95
2026-07-11T14:29:59.264000000Z                          29.8                          3.94                        1738.1                          3.94
2026-07-11T14:30:29.280000000Z                          29.8                          3.94                        1737.8                          3.94
2026-07-11T14:30:59.271000000Z                          29.8                          3.92                        1738.2                          3.92
2026-07-11T14:31:29.698000000Z                          29.8                          4.17                        1737.6                          4.17
2026-07-11T14:31:59.431000000Z                          29.8                          3.84                        1737.8                          3.84
2026-07-11T14:32:29.566000000Z                          29.8                          3.81                        1738.2                          3.81
2026-07-11T14:32:59.549000000Z                          29.8                          4.33                        1738.1                          4.33
2026-07-11T14:33:29.670000000Z                          29.8                          4.04                        1737.7                          4.04
2026-07-11T14:33:59.728000000Z                          29.8                          3.82                        1738.2                          3.82
2026-07-11T14:34:29.885000000Z                          29.8                          3.88                        1738.2                          3.88
2026-07-11T14:34:59.893000000Z                          29.8                          4.14                        1737.7                          4.14
2026-07-11T14:35:29.962000000Z                         524.7                          3.98                        1738.1                          3.98
2026-07-11T14:35:59.914000000Z                          29.8                          3.98                        1738.1                          3.98
2026-07-11T14:36:29.950000000Z                          29.8                          3.89                          1738                          3.89
2026-07-11T14:36:59.969000000Z                          29.8                          4.06                        1737.6                          4.06
2026-07-11T14:37:30.115000000Z                          29.8                          4.03                        1738.2                          4.03
2026-07-11T14:38:00.069000000Z                          29.8                             4                        1738.4                             4
2026-07-11T14:38:30.112000000Z                          29.8                          4.21                        1737.6                          4.21
2026-07-11T14:39:00.300000000Z                          29.8                          3.97                          1738                          3.97
2026-07-11T14:39:30.236000000Z                          29.8                          4.07                        1738.2                          4.07
2026-07-11T14:40:00.341000000Z                          29.8                          3.96                        1737.9                          3.96
2026-07-11T14:40:30.367000000Z                          29.8                          4.05                          1738                          4.05
2026-07-11T14:41:00.410000000Z                          29.8                          3.97                          1738                          3.97
2026-07-11T14:41:30.396000000Z                          29.8                          3.97                        1738.1                          3.97
2026-07-11T14:42:00.393000000Z                          29.8                          3.97                        1737.6                          3.97
2026-07-11T14:42:30.373000000Z                          29.8                           4.2                        1737.9                           4.2
2026-07-11T14:43:00.416000000Z                          29.8                          3.98                        1738.2                          3.98
2026-07-11T14:43:30.454000000Z                          29.8                          3.94                          1738                          3.94
2026-07-11T14:44:00.507000000Z                          29.8                          4.02                        1737.8                          4.02
2026-07-11T14:44:30.541000000Z                          29.8                          3.84                          1738                          3.84
2026-07-11T14:45:00.525000000Z                          29.8                          3.97                        1738.3                          3.97
2026-07-11T14:45:30.547000000Z                          29.8                          4.06                        1738.1                          4.06
2026-07-11T14:46:00.571000000Z                          29.8                           4.1                        1737.8                           4.1
2026-07-11T14:46:30.632000000Z                          29.8                          3.88                        1738.1                          3.88
2026-07-11T14:47:00.659000000Z                          29.8                          4.02                        1738.4                          4.02
2026-07-11T14:47:30.694000000Z                          29.8                          4.08                        1737.7                          4.08
2026-07-11T14:48:00.725000000Z                          29.8                          4.27                        1737.7                          4.27
2026-07-11T14:48:30.744000000Z                          29.8                          3.89                          1738                          3.89
2026-07-11T14:49:00.891000000Z                          29.8                          3.82                        1738.3                          3.82
2026-07-11T14:49:30.926000000Z                          29.8                          4.06                        1737.7                          4.06
2026-07-11T14:50:00.954000000Z                          29.8                          3.89                        1737.9                          3.89
2026-07-11T14:50:31.137000000Z                          29.8                          3.87                        1738.2                          3.87
2026-07-11T14:51:00.975000000Z                          29.8                          4.26                        1738.3                          4.26
2026-07-11T14:51:30.958000000Z                          29.8                          3.87                        1737.8                          3.87
2026-07-11T14:52:01.024000000Z                          29.8                          3.82                          1738                          3.82
2026-07-11T14:52:31.088000000Z                          29.8                          3.84                        1738.1                          3.84
2026-07-11T14:53:01.119000000Z                          29.8                          4.01                        1737.9                          4.01
2026-07-11T14:53:31.146000000Z                          29.8                          3.94                        1738.2                          3.94
2026-07-11T14:54:01.254000000Z                          29.8                          4.02                        1737.9                          4.02
2026-07-11T14:54:31.327000000Z                          29.8                          4.02                        1738.2                          4.02
2026-07-11T14:55:01.454000000Z                          29.8                          4.32                        1737.9                          4.32
2026-07-11T14:55:31.554000000Z                          29.8                          3.91                        1737.4                          3.91
2026-07-11T14:56:01.552000000Z                          29.8                           3.9                          1738                           3.9
2026-07-11T14:56:31.582000000Z                          29.8                          3.77                        1738.1                          3.77
2026-07-11T14:57:01.655000000Z                          29.8                          3.97                        1737.9                          3.97
2026-07-11T14:57:31.726000000Z                         524.7                          0.53                        1737.8                          0.19
2026-07-11T14:58:01.752000000Z                          29.8                          4.01                        1737.5                          4.01
2026-07-11T14:58:31.807000000Z                          29.8                          3.99                        1737.9                          3.99
2026-07-11T14:58:57.358000000Z                          29.8                          4.84                        1737.6                          4.84
2026-07-11T14:59:27.394000000Z                          29.8                          3.88                          1738                          3.88
2026-07-11T14:59:57.337000000Z                         524.7                          4.23                        1737.9                          4.23
2026-07-11T15:00:27.391000000Z                          29.8                          4.11                        1737.9                          4.11
2026-07-11T15:00:57.407000000Z                          29.8                          4.05                        1737.7                          4.05
2026-07-11T15:01:27.443000000Z                          29.8                          3.94                          1738                          3.94
2026-07-11T15:01:57.480000000Z                          29.8                           3.9                        1738.3                           3.9
2026-07-11T15:02:27.553000000Z                          29.8                          4.06                        1737.9                          4.06
iotprom@ubuntu-s-2vcpu-2gb-sgp1:/opt/iot-stack$