Table: keys: []
                    _time:time                    cf_x:float                    cf_y:float                    cf_z:float            crest_factor:float              freq_alert:float            freq_ratio_x:float            freq_ratio_y:float            freq_ratio_z:float                  freq_x:float                  freq_y:float                  freq_z:float              kurtosis_x:float              kurtosis_y:float              kurtosis_z:float                    peak:float                     rms:float                     rpm:float                      vx:float                      vy:float                      vz:float
------------------------------  ----------------------------  ----------------------------  ----------------------------  ----------------------------  ----------------------------  ----------------------------  ----------------------------  ----------------------------  ----------------------------  ----------------------------  ----------------------------  ----------------------------  ----------------------------  ----------------------------  ----------------------------  ----------------------------  ----------------------------  ----------------------------  ----------------------------  ----------------------------
2026-07-10T10:44:03.951000000Z                          2.23                          1.29                          3.97                          3.97                             0                         18.05                         18.05                          1.03                         446.8                         446.8                          25.5                         2.997                         2.849                          3.56                          3.53                          3.26                        1485.1                          0.43                          0.35                          3.26
2026-07-10T10:44:34.147000000Z                          2.22                           1.3                          3.47                          3.47                             1                         12.97                         12.97                          1.03                         321.2                         321.2                          25.5                          2.98                         3.292                         3.806                          3.62                          3.36                        1485.4                          0.64                          0.51                          3.36
2026-07-10T10:45:04.133000000Z                          2.23                          1.36                          3.29                          3.29                             1                         12.97                         12.97                          1.03                         321.2                         321.2                          25.5                         2.951                         3.492                         3.164                          3.56                           3.1                        1485.4                           0.6                          0.49                           3.1
2026-07-10T10:45:34.196000000Z                          2.36                          1.34                          3.85                          3.85                             1                         15.25                         12.93                          1.03                         377.6                         320.2                          25.5                         3.595                         3.427                         3.857                          3.54                          3.42                        1485.5                          0.52                          0.49                          3.42
2026-07-10T10:46:04.191000000Z                          2.21                          1.29                          3.48                          3.48                             1                         12.93                         12.93                          1.03                         320.2                         320.2                          25.5                         3.093                         3.118                         3.424                          3.51                          3.12                        1485.4                           0.6                          0.47                          3.12
2026-07-10T10:46:34.276000000Z                          2.23                          1.33                          3.99                          3.99                             0                         12.93                         12.85                          1.03                         320.2                         318.1                          25.5                         2.987                          3.18                         3.879                           3.6                          3.28                        1485.4                          0.62                          0.51                          3.28
2026-07-10T10:47:04.366000000Z                          2.25                          1.31                          3.22                          3.22                             1                         20.46                         12.94                          1.03                         506.4                         320.2                          25.5                         2.985                          3.03                         3.623                          3.62                          3.32                        1484.9                          0.37                          0.48                          3.32
2026-07-10T10:47:34.359000000Z                          2.18                           1.3                          4.34                          4.34                             1                          12.9                          12.9                          1.03                         319.1                         319.1                          25.5                         2.911                         3.052                         3.705                          3.52                          3.46                        1484.7                          0.55                          0.45                          3.46
2026-07-10T10:48:04.402000000Z                          2.39                          1.33                          3.85                          3.85                             1                         12.94                         12.94                          1.03                         320.2                         320.2                          25.5                         2.966                         3.012                         3.689                          3.55                          3.38                          1485                          0.55                          0.46                          3.38
2026-07-10T10:48:34.388000000Z                          2.35                          1.32                          4.79                          4.79                             1                         12.85                         12.85                          1.03                         318.1                         318.1                          25.5                         3.202                         3.256                         4.375                          3.53                          3.34                        1485.1                          0.62                          0.45                          3.34
2026-07-10T10:49:04.495000000Z                          2.22                          1.32                          3.56                          3.56                             1                         12.89                         12.89                          1.03                         319.1                         319.1                          25.5                         3.163                         3.212                         3.279                          3.63                          3.48                          1485                          0.57                          0.46                          3.48
2026-07-10T10:49:34.501000000Z                          2.38                          1.31                          3.58                          3.58                             1                         12.94                         12.94                          1.03                         320.2                         320.2                          25.5                         2.926                         2.887                         3.442                          3.59                          3.37                        1484.6                          0.65                          0.49                          3.37
2026-07-10T10:50:04.598000000Z                          2.23                           1.3                          3.49                          3.49                             1                         13.02                         13.02                          1.03                         322.3                         322.3                          25.5                         3.032                         3.017                         3.457                          3.62                          3.36                        1485.4                          0.53                          0.43                          3.36
2026-07-10T10:50:34.592000000Z                           2.5                          1.36                          4.38                          4.38                             0                         12.89                         12.89                          1.03                         319.1                         319.1                          25.5                         3.228                         3.583                          4.22                          3.51                          3.15                          1485                          0.56                          0.44                          3.15
2026-07-10T10:51:04.650000000Z                          2.49                          1.35                          4.02                          4.02                             1                         12.89                         12.89                          1.03                         319.1                         319.1                          25.5                         3.621                         3.724                          4.51                          3.63                          3.22                          1485                          0.59                          0.47                          3.22
2026-07-10T10:51:34.718000000Z                          2.46                          1.35                          3.67                          3.67                             1                         12.94                         12.94                          1.03                         320.2                         320.2                          25.5                         3.244                         3.208                         3.781                          3.57                          3.16                        1484.5                          0.62                          0.51                          3.16
2026-07-10T10:52:04.686000000Z                          2.36                          1.31                          3.23                          3.23                             1                         19.43                         12.89                          1.03                         480.8                         319.1                          25.5                         3.242                         3.197                          3.19                          3.58                          3.12                        1484.8                          0.38                          0.45                          3.12
2026-07-10T10:52:34.787000000Z                          2.23                          1.29                           3.7                           3.7                             1                         12.93                         12.93                          1.03                         320.2                         320.2                          25.5                         3.087                         3.182                         3.772                          3.75                          3.23                        1485.3                           0.6                          0.49                          3.23
2026-07-10T10:53:04.839000000Z                          2.27                          1.33                          4.09                          4.09                             1                          12.9                          12.9                          1.03                         319.1                         319.1                          25.5                         3.268                         3.237                         4.062                          3.67                          3.16                        1484.6                           0.6                          0.48                          3.16
2026-07-10T10:53:34.863000000Z                          2.39                           1.3                          3.43                          3.43                             1                         20.63                         12.85                          1.03                         510.6                         318.1                          25.5                         3.458                          3.05                         3.268                          3.77                          3.17                        1485.2                          0.58                          0.46                          3.17
2026-07-10T10:54:04.885000000Z                          2.28                          1.32                          3.34                          3.34                             1                         12.85                         12.94                          1.03                         318.1                         320.2                          25.5                         2.925                         3.276                         3.689                          3.69                          3.44                        1485.1                          0.59                          0.47                          3.44
2026-07-10T10:54:34.990000000Z                          2.28                          1.33                          3.57                          3.57                             1                         12.89                         12.89                          1.03                         319.1                         319.1                          25.5                         3.064                         3.084                         3.676                          3.62                          3.09                        1484.9                          0.54                          0.48                          3.09
2026-07-10T10:55:05.156000000Z                          2.34                          1.32                          3.32                          3.32                             1                         12.89                         12.89                          1.03                         319.1                         319.1                          25.5                         3.248                         3.174                         3.241                           3.6                          3.15                        1485.3                          0.61                          0.44                          3.15
2026-07-10T10:55:35.018000000Z                          2.31                          1.34                          3.63                          3.63                             1                          12.9                          12.9                          1.03                         319.1                         319.1                          25.5                         3.108                         3.197                          3.36                          3.63                          3.49                        1484.6                          0.58                          0.44                          3.49
2026-07-10T10:56:05.146000000Z                           2.3                           1.3                          3.68                          3.68                             1                         12.93                         12.93                          1.03                         320.2                         320.2                          25.5                         3.044                         3.212                         3.675                          3.62                          3.36                        1485.3                          0.56                          0.47                          3.36
2026-07-10T10:56:35.196000000Z                          2.22                          1.32                          3.93                          3.93                             1                         19.13                         12.94                          1.03                         473.4                         320.2                          25.5                         3.155                         3.421                         4.005                          3.75                          3.43                        1485.1                           0.4                          0.46                          3.43
2026-07-10T10:57:05.298000000Z                          2.24                          1.33                           3.3                           3.3                             1                         12.85                         12.85                          1.03                         318.1                         318.1                          25.5                         3.085                         3.231                         3.625                          3.62                           3.2                        1485.1                          0.59                          0.46                           3.2
2026-07-10T10:57:35.378000000Z                          2.49                          1.35                          4.27                          4.27                             1                          12.9                         12.81                          1.03                         319.1                           317                          25.5                          3.65                         3.634                         4.514                          3.61                          3.36                        1484.5                          0.62                           0.5                          3.36
2026-07-10T10:58:05.914000000Z                          2.34                          1.33                          3.96                          3.96                             1                         20.55                         12.89                          1.03                         508.5                         319.1                          25.5                         3.154                         3.126                         3.797                           3.7                          3.38                          1485                          0.36                          0.47                          3.38
2026-07-10T10:58:35.386000000Z                          2.31                          1.37                          3.36                          3.36                             1                         12.86                         12.86                          1.03                         318.1                         318.1                          25.5                          3.19                         3.345                         3.581                          3.58                          3.38                        1484.5                          0.58                          0.47                          3.38
2026-07-10T10:59:05.500000000Z                          2.32                          1.31                          3.91                          3.91                             1                         19.39                         12.94                          1.03                         479.8                         320.2                          25.5                         3.075                         3.134                         3.627                          3.65                          3.34                        1484.9                           0.4                          0.47                          3.34
2026-07-10T10:59:35.512000000Z                          2.15                           1.3                          3.46                          3.46                             1                          12.9                          12.9                          1.03                         319.1                         319.1                          25.5                         2.953                         3.184                         3.389                           3.8                          3.37                        1484.4                          0.59                          0.47                          3.37
2026-07-10T11:00:05.506000000Z                          2.33                          1.34                          3.48                          3.48                             1                         12.89                         12.89                          1.03                         319.1                         319.1                          25.5                         2.815                          3.16                         3.458                          3.66                          3.57                        1484.9                          0.66                          0.55                          3.57
2026-07-10T11:00:35.642000000Z                           2.4                          1.34                          3.43                          3.43                             1                         17.41                         12.94                          1.03                         430.8                         320.2                          25.5                         3.477                         3.711                         3.484                          3.75                          3.46                        1484.7                          0.44                          0.49                          3.46
2026-07-10T11:01:05.667000000Z                          2.42                          1.37                             4                             4                             1                          20.5                         19.42                          1.03                         507.4                         480.8                          25.5                         3.257                         3.518                         3.654                          3.64                          3.49                        1485.1                          0.36                          0.38                          3.49
2026-07-10T11:01:35.722000000Z                           2.3                          1.28                          3.22                          3.22                             1                          15.3                         19.43                          1.03                         378.7                         480.8                          25.5                         3.107                         3.036                         3.124                          3.65                          3.42                        1484.7                          0.48                          0.29                          3.42
2026-07-10T11:02:05.867000000Z                          2.34                          1.32                          3.24                          3.24                             1                         12.89                         12.89                          1.03                         319.1                         319.1                          25.5                         3.188                          3.22                         3.323                           3.6                          3.21                        1485.3                          0.58                          0.44                          3.21
2026-07-10T11:02:35.856000000Z                          2.22                          1.31                          3.86                          3.86                             1                          20.5                         12.94                          1.03                         507.4                         320.2                          25.5                         2.877                         2.915                         3.924                          3.83                          3.51                          1485                          0.37                          0.47                          3.51
2026-07-10T11:03:05.959000000Z                          2.31                          1.33                          4.75                          4.75                             1                         12.89                         12.89                          1.03                         319.1                         319.1                          25.5                         3.056                         3.261                         4.924                          3.72                          3.55                        1485.3                           0.6                           0.5                          3.55
2026-07-10T11:03:35.991000000Z                          2.34                          1.39                          4.49                          4.49                             1                          12.9                          12.9                          1.03                         319.1                         319.1                          25.5                         2.988                         3.522                         4.595                          3.65                          3.28                        1484.7                          0.64                          0.51                          3.28
2026-07-10T11:04:06.084000000Z                          2.26                          1.32                          3.57                          3.57                             1                         12.93                         12.93                          1.03                         320.2                         320.2                          25.5                         2.955                         3.068                         3.704                          3.72                          3.47                        1485.3                          0.63                           0.5                          3.47
2026-07-10T11:04:36.126000000Z                          2.29                          1.34                          4.14                          4.14                             1                          12.9                          12.9                          1.03                         319.1                         319.1                          25.5                         3.002                         3.089                         4.595                          3.67                          3.36                        1484.5                          0.64                          0.51                          3.36
2026-07-10T11:05:06.192000000Z                          2.28                          1.32                          3.97                          3.97                             1                         12.89                         19.43                          1.03                         319.1                         480.8                          25.5                          2.97                          3.05                         3.574                          3.68                          3.48                        1484.9                          0.58                          0.32                          3.48
2026-07-10T11:05:36.330000000Z                          2.22                          1.33                          3.46                          3.46                             1                         12.98                         12.98                          1.03                         321.2                         321.2                          25.5                         3.217                          3.28                         3.495                          3.69                          3.21                        1484.7                           0.6                          0.47                          3.21
2026-07-10T11:06:06.370000000Z                          2.29                          1.34                          4.11                          4.11                             1                         17.96                         17.96                          1.03                         444.7                         444.7                          25.5                         3.188                          3.39                         3.623                          3.86                           3.4                        1485.4                          0.44                          0.35                           3.4
2026-07-10T11:06:36.438000000Z                          2.59                          1.39                          4.04                          4.04                             1                          12.9                          12.9                          1.03                         319.1                         319.1                          25.5                         3.631                         3.903                         3.911                           3.7                           3.5                        1484.5                           0.6                          0.51                           3.5
2026-07-10T11:07:06.560000000Z                          2.43                          1.33                          4.44                          4.44                             1                         12.89                         12.89                          1.03                         319.1                         319.1                          25.5                         3.319                         3.282                         4.405                          3.74                          3.38                        1485.3                          0.62                          0.51                          3.38
2026-07-10T11:07:36.567000000Z                           2.4                          1.34                          3.62                          3.62                             1                          12.9                          12.9                          1.03                         319.1                         319.1                          25.5                         3.219                         3.279                         3.805                          3.74                          3.34                        1484.6                          0.42                          0.34                          3.34
2026-07-10T11:08:06.705000000Z                          2.34                          1.32                          4.68                          4.68                             1                         12.89                         12.89                          1.03                         319.1                         319.1                          25.5                         3.121                         3.089                         4.459                          3.94                          3.41                        1485.3                          0.63                           0.5                          3.41
2026-07-10T11:08:36.650000000Z                           2.3                          1.33                          3.85                          3.85                             1                         12.89                         12.89                          1.03                         319.1                         319.1                          25.5                         2.911                         2.928                          3.47                          3.75                          3.51                        1484.9                          0.58                          0.45                          3.51
2026-07-10T11:09:06.738000000Z                          2.22                          1.28                          3.71                          3.71                             1                         16.98                         12.94                          1.03                         420.2                         320.2                          25.5                         2.955                         2.955                         3.277                          3.71                          3.31                        1485.1                          0.45                          0.48                          3.31
2026-07-10T11:09:36.813000000Z                          2.43                          1.31                          4.21                          4.21                             1                         12.94                         12.94                          1.03                         320.2                         320.2                          25.5                         3.391                         3.192                          3.84                          3.69                           3.5                        1484.5                           0.6                          0.49                           3.5
2026-07-10T11:10:06.838000000Z                           2.3                          1.37                          4.88                          4.88                             1                         12.89                         12.89                          1.03                         319.1                         319.1                          25.5                         3.708                         4.452                         4.698                          3.75                          3.57                        1484.9                           0.4                           0.5                          3.57
2026-07-10T11:10:36.875000000Z                          2.27                           1.3                          3.78                          3.78                             1                         15.35                         15.35                          1.03                         379.8                         379.8                          25.5                         3.155                             3                         3.641                          3.72                          3.23                        1484.6                          0.51                          0.41                          3.23
2026-07-10T11:11:06.998000000Z                          2.43                          1.38                          3.63                          3.63                             1                         19.42                         12.93                          1.03                         480.8                         320.2                          25.5                         3.239                         3.405                         3.602                          3.81                          3.32                        1485.3                          0.39                          0.48                          3.32
2026-07-10T11:11:37.162000000Z                          2.47                          1.35                          3.36                          3.36                             1                         20.51                         12.86                          1.03                         507.4                         318.1                          25.5                         3.568                         3.431                          3.31                          3.84                          3.44                        1484.7                          0.42                          0.53                          3.44
2026-07-10T11:12:07.214000000Z                          2.47                          1.37                          4.18                          4.18                             1                         12.89                         12.89                          1.03                         319.1                         319.1                          25.5                         3.106                         3.135                         3.725                          3.79                           3.4                          1485                          0.62                           0.5                           3.4
2026-07-10T11:12:37.073000000Z                          2.17                          1.29                          3.49                          3.49                             1                         12.89                         12.89                          1.03                         319.1                         319.1                          25.5                         2.879                         3.029                         3.707                          3.66                           3.2                        1484.8                          0.56                          0.45                           3.2
2026-07-10T11:13:07.139000000Z                          2.34                          1.34                           3.9                           3.9                             1                         12.89                         12.89                          1.03                         319.1                         319.1                          25.5                         3.042                          3.21                         4.057                          3.81                          3.55                        1484.9                           0.6                          0.49                          3.55
2026-07-10T11:13:37.220000000Z                          2.34                          1.34                          3.74                          3.74                             1                          12.9                          12.9                          1.03                         319.1                         319.1                          25.5                         3.012                         2.987                         3.558                          3.72                          3.34                        1484.7                          0.63                           0.5                          3.34
2026-07-10T11:14:07.315000000Z                          2.52                          1.36                          4.52                          4.52                             1                         12.89                         12.89                          1.03                         319.1                         319.1                          25.5                         3.501                           3.4                         4.641                          3.79                          3.37                        1484.9                          0.63                          0.51                          3.37
2026-07-10T11:14:37.364000000Z                          2.17                          1.34                          3.97                          3.97                             1                         12.81                         12.81                          1.03                           317                           317                          25.5                         2.895                         3.002                         3.931                          3.76                          3.56                        1484.8                          0.58                          0.46                          3.56
2026-07-10T11:15:07.411000000Z                          2.41                          1.35                          3.93                          3.93                             1                         12.86                         12.86                          1.03                         318.1                         318.1                          25.5                         3.318                         3.184                         3.728                           3.7                          3.56                        1484.6                          0.65                          0.51                          3.56
2026-07-10T11:15:37.503000000Z                           2.2                          1.31                          4.48                          4.48                             1                         12.86                         12.94                          1.03                         318.1                         320.2                          25.5                          2.98                         2.906                         4.055                          3.74                          3.49                        1484.6                          0.58                          0.47                          3.49
2026-07-10T11:16:07.571000000Z                          2.36                          1.37                          3.46                          3.46                             1                         12.89                         12.89                          1.03                         319.1                         319.1                          25.5                         2.993                         3.202                         3.487                          3.74                          3.57                        1485.3                          0.67                          0.54                          3.57
2026-07-10T11:16:37.559000000Z                          2.37                          1.36                          4.39                          4.39                             1                         12.85                         12.85                          1.03                         318.1                         318.1                          25.5                         3.204                         3.272                         3.892                          3.75                           3.6                        1485.1                          0.63                          0.51                           3.6
2026-07-10T11:17:07.682000000Z                          2.35                          1.37                          3.56                          3.56                             1                          12.9                          12.9                          1.03                         319.1                         319.1                          25.5                         3.183                         3.367                         3.555                          3.83                          3.36                        1484.7                          0.61                          0.51                          3.36
2026-07-10T11:17:37.568000000Z                          2.11                           1.3                          3.98                          3.98                             1                         12.89                         12.89                          1.03                         319.1                         319.1                          25.5                         2.972                          3.12                         3.725                          3.84                          3.33                        1484.9                          0.62                          0.51                          3.33
2026-07-10T11:18:07.714000000Z                          2.27                          1.33                          3.61                          3.61                             1                          12.9                          12.9                          1.03                         319.1                         319.1                          25.5                         3.373                         3.521                         3.622                          3.79                          3.62                        1484.4                          0.65                          0.54                          3.62
2026-07-10T11:18:37.731000000Z                          2.23                          1.37                          3.72                          3.72                             1                         15.25                         12.93                          1.03                         377.6                         320.2                          25.5                         3.046                         3.141                         3.837                          3.75                          3.13                        1485.3                          0.59                          0.47                          3.13
2026-07-10T11:19:07.836000000Z                          2.46                          1.35                          4.24                          4.24                             1                          19.3                         12.85                          1.03                         477.6                         318.1                          25.5                         3.338                         3.217                         4.288                          3.67                          3.66                        1484.8                          0.41                          0.49                          3.66
2026-07-10T11:19:37.822000000Z                          2.45                          1.36                          4.09                          4.09                             1                         12.93                         12.93                          1.03                         320.2                         320.2                          25.5                         3.132                         3.334                         3.782                          3.76                          3.37                        1485.4                          0.63                          0.51                          3.37
2026-07-10T11:20:07.958000000Z                          2.72                          1.42                           4.4                           4.4                             1                         16.93                         12.93                          1.03                         419.1                         320.2                          25.5                         3.567                         4.102                         4.316                          3.74                          3.55                        1485.5                          0.49                          0.53                          3.55
2026-07-10T11:20:38.007000000Z                          2.45                          1.32                           3.9                           3.9                             1                         12.85                         12.85                          1.03                         318.1                         318.1                          25.5                         3.296                          3.07                         4.494                          3.95                          3.34                        1485.1                          0.62                          0.46                          3.34
2026-07-10T11:21:08.427000000Z                          2.25                           1.3                          3.32                          3.32                             1                         12.89                         12.89                          1.03                         319.1                         319.1                          25.5                         3.006                         3.047                         3.426                          3.81                          3.31                        1484.9                          0.56                          0.46                          3.31
2026-07-10T11:21:38.193000000Z                          2.39                          1.32                           3.6                           3.6                             1                         12.89                         12.89                          1.03                         319.1                         319.1                          25.5                         3.404                         3.378                         3.395                          3.83                          3.62                        1485.2                          0.62                           0.5                          3.62
2026-07-10T11:22:08.122000000Z                          2.83                          1.45                          3.97                          3.97                             1                          20.5                          20.5                          1.03                         507.4                         507.4                          25.5                         4.113                         4.283                         4.259                          3.89                          3.44                        1485.1                          0.39                          0.31                          3.44
2026-07-10T11:22:38.195000000Z                          2.33                          1.32                          4.14                          4.14                             1                          20.5                         12.85                          1.03                         507.4                         318.1                          25.5                         3.049                         3.172                         4.287                          3.77                          3.45                        1484.9                          0.39                          0.49                          3.45
2026-07-10T11:23:08.319000000Z                           2.3                          1.32                           3.8                           3.8                             1                         12.89                         12.89                          1.03                         319.1                         319.1                          25.5                         3.043                         2.802                         3.744                          3.79                          3.48                        1484.9                          0.62                          0.51                          3.48
2026-07-10T11:23:38.380000000Z                          2.55                          1.31                          3.66                          3.66                             1                         15.26                         15.26                          1.03                         377.6                         377.6                          25.5                         3.739                         3.148                         3.609                          3.93                          3.53                        1484.8                          0.49                          0.38                          3.53
2026-07-10T11:24:08.320000000Z                          2.49                          1.35                          4.27                          4.27                             1                         18.14                         12.85                          1.03                         448.9                         318.1                          25.5                         3.389                         3.349                         4.221                          3.78                           3.4                        1484.9                          0.43                          0.48                           3.4
2026-07-10T11:24:38.402000000Z                          2.41                          1.36                          3.83                          3.83                             1                         12.94                         12.94                          1.03                         320.2                         320.2                          25.5                         3.039                         3.154                         3.568                          3.84                           3.3                        1485.2                          0.61                          0.49                           3.3
2026-07-10T11:25:08.478000000Z                          2.38                          1.35                          4.32                          4.32                             1                         19.16                         16.97                          1.03                         474.4                         420.2                          25.5                         3.358                         3.686                         4.254                          3.84                          3.65                        1485.3                          0.42                          0.38                          3.65
2026-07-10T11:25:38.494000000Z                          2.29                          1.34                          3.95                          3.95                             1                         18.27                         19.43                          1.03                         452.1                         480.8                          25.5                         3.205                         3.427                         4.722                          3.79                          3.48                          1485                          0.47                          0.37                          3.48
2026-07-10T11:26:08.522000000Z                          2.29                           1.3                          3.76                          3.76                             1                         12.89                         12.89                          1.03                         319.1                         319.1                          25.5                         2.929                         2.938                         3.759                          3.79                          3.54                        1485.2                          0.65                          0.49                          3.54
2026-07-10T11:26:38.575000000Z                          2.57                          1.37                          3.88                          3.88                             1                         12.94                         12.94                          1.03                         320.2                         320.2                          25.5                         3.802                         3.789                         3.707                          3.75                          3.44                        1485.1                          0.63                          0.45                          3.44
2026-07-10T11:27:08.650000000Z                          2.48                           1.4                          3.71                          3.71                             1                         12.86                         12.86                          1.03                         318.1                         318.1                          25.5                         3.455                         3.899                         3.782                          3.86                          3.28                        1484.6                          0.62                          0.47                          3.28
2026-07-10T11:27:38.613000000Z                          2.54                          1.38                          3.48                          3.48                             1                         12.89                         12.89                          1.03                         319.1                         319.1                          25.5                         3.669                         3.382                         3.493                          3.91                          3.36                        1484.8                          0.64                          0.49                          3.36
2026-07-10T11:28:08.632000000Z                          2.26                           1.3                          3.94                          3.94                             1                         12.98                         12.98                          1.03                         321.2                         321.2                          25.5                         2.932                         3.033                         3.922                          3.85                           3.2                          1485                           0.6                          0.48                           3.2
2026-07-10T11:28:38.753000000Z                          2.45                          1.36                          4.75                          4.75                             1                         20.46                         19.43                          1.03                         506.4                         480.8                          25.5                         3.222                         3.212                         5.489                          3.78                          3.41                          1485                          0.42                          0.35                          3.41
iotprom@ubuntu-s-2vcpu-2gb-sgp1:/opt/iot-stack$
iotprom@ubuntu-s-2vcpu-2gb-sgp1:/opt/iot-stack$
iotprom@ubuntu-s-2vcpu-2gb-sgp1:/opt/iot-stack$
iotprom@ubuntu-s-2vcpu-2gb-sgp1:/opt/iot-stack$
iotprom@ubuntu-s-2vcpu-2gb-sgp1:/opt/iot-stack$
iotprom@ubuntu-s-2vcpu-2gb-sgp1:/opt/iot-stack$
iotprom@ubuntu-s-2vcpu-2gb-sgp1:/opt/iot-stack$
iotprom@ubuntu-s-2vcpu-2gb-sgp1:/opt/iot-stack$
iotprom@ubuntu-s-2vcpu-2gb-sgp1:/opt/iot-stack$
iotprom@ubuntu-s-2vcpu-2gb-sgp1:/opt/iot-stack$
iotprom@ubuntu-s-2vcpu-2gb-sgp1:/opt/iot-stack$
iotprom@ubuntu-s-2vcpu-2gb-sgp1:/opt/iot-stack$
iotprom@ubuntu-s-2vcpu-2gb-sgp1:/opt/iot-stack$ docker exec -i iot-stack-influxdb-1 influx query \
  -o promlogix \
  -t 'aM_ilo9P61aY8pxqP4MGTvMqzuWKr9voVuMCfEDxVbxn19BRmv-BrMYpL3DMcT8cIkZQyn0DTbUDDp_P-PIgbA==' <<'EOF'

from(bucket: "iot_vibration")
  |> range(start: -60m)
  |> filter(fn: (r) => r.machine_id == "pump01")
  |> filter(fn: (r) =>
      r._field == "rpm" or
      r._field == "rms" or
      r._field == "vx" or
      r._field == "vy" or
      r._field == "vz" or
      r._field == "freq_x" or
      r._field == "freq_y" or
      r._field == "freq_z" or
      r._field == "freq_ratio_x" or
      r._field == "freq_ratio_y" or
      r._field == "freq_ratio_z" or
      r._field == "peak" or
      r._field == "peak_velocity_x" or
      r._field == "peak_velocity_y" or
      r._field == "peak_velocity_z" or
      r._field == "crest_factor" or
      r._field == "cf_x" or
      r._field == "cf_y" or
      r._field == "cf_z" or
      r._field == "kurtosis_x" or
      r._field == "kurtosis_y" or
      r._field == "kurtosis_z" or
      r._field == "freq_alert" or
      r._field == "motor_state"
  )
  |> pivot(rowKey:["_time"], columnKey:["_field"], valueColumn:"_value")
  |> keep(columns:[
      "_time",
      "rpm",
      "motor_state",
      "rms",
      "vx","vy","vz",
      "freq_x","freq_y","freq_z",
      "freq_ratio_x","freq_ratio_y","freq_ratio_z",
      "peak",
      "peak_velocity_x",
      "peak_velocity_y",
      "peak_velocity_z",
      "crest_factor",
      "cf_x","cf_y","cf_z",
      "kurtosis_x","kurtosis_y","kurtosis_z",
      "freq_alert"
  ])
  |> sort(columns:["_time"])

EOF
Result: _result
Table: keys: []
                    _time:time                    cf_x:float                    cf_y:float                    cf_z:float            crest_factor:float              freq_alert:float            freq_ratio_x:float            freq_ratio_y:float            freq_ratio_z:float                  freq_x:float                  freq_y:float                  freq_z:float              kurtosis_x:float              kurtosis_y:float              kurtosis_z:float                    peak:float                     rms:float                     rpm:float                      vx:float                      vy:float                      vz:float
------------------------------  ----------------------------  ----------------------------  ----------------------------  ----------------------------  ----------------------------  ----------------------------  ----------------------------  ----------------------------  ----------------------------  ----------------------------  ----------------------------  ----------------------------  ----------------------------  ----------------------------  ----------------------------  ----------------------------  ----------------------------  ----------------------------  ----------------------------  ----------------------------
2026-07-10T10:39:51.269000000Z                          2.86                          1.47                          2.47                          2.86                             0                          3.73                          4.16                          1.06                         129.2                         144.1                          36.7                         2.801                         2.748                         1.981                          6.28                          6.22                          2079                          2.43                          1.55                          6.22
2026-07-10T10:40:21.293000000Z                          2.43                          1.44                          2.78                          2.78                             0                          3.73                          4.17                          1.06                         129.2                         144.6                          36.7                          2.73                         2.734                         2.047                          6.26                          6.07                        2079.4                          2.33                          1.66                          6.07
2026-07-10T10:40:51.326000000Z                             0                             0                             0                             0                             0                             0                             0                             0                         219.1                         219.1                            26                             0                             0                             0                             0                             0                        1487.4                             0                             0                             0
2026-07-10T10:41:21.402000000Z                             0                             0                             0                             0                             0                             0                             0                             0                         219.1                         219.7                          61.7                             0                             0                             0                             0                             0                        1487.1                             0                             0                             0
2026-07-10T10:42:17.114000000Z                          2.17                          1.29                          3.58                          3.58                             0                         12.89                         12.89                          1.03                         319.1                         319.1                          25.5                         3.013                         3.111                          3.63                           3.5                          3.34                        1485.6                          0.57                          0.46                          3.34
2026-07-10T10:43:08.317000000Z                          2.24                          1.27                          3.83                          3.83                             0                         12.97                         12.97                          1.03                         321.2                         321.2                          25.5                         3.025                         3.029                         3.444                          3.56                          3.05                        1485.8                          0.36                          0.46                          3.05
2026-07-10T10:43:33.792000000Z                          2.16                          1.31                          3.47                          3.47                             0                         12.94                         12.94                          1.03                         320.2                         320.2                          25.5                         2.865                         2.882                         3.402                          3.49                          3.38                        1485.1                           0.6                          0.49                          3.38
2026-07-10T10:44:03.951000000Z                          2.23                          1.29                          3.97                          3.97                             0                         18.05                         18.05                          1.03                         446.8                         446.8                          25.5                         2.997                         2.849                          3.56                          3.53                          3.26                        1485.1                          0.43                          0.35                          3.26
2026-07-10T10:44:34.147000000Z                          2.22                           1.3                          3.47                          3.47                             1                         12.97                         12.97                          1.03                         321.2                         321.2                          25.5                          2.98                         3.292                         3.806                          3.62                          3.36                        1485.4                          0.64                          0.51                          3.36
2026-07-10T10:45:04.133000000Z                          2.23                          1.36                          3.29                          3.29                             1                         12.97                         12.97                          1.03                         321.2                         321.2                          25.5                         2.951                         3.492                         3.164                          3.56                           3.1                        1485.4                           0.6                          0.49                           3.1
2026-07-10T10:45:34.196000000Z                          2.36                          1.34                          3.85                          3.85                             1                         15.25                         12.93                          1.03                         377.6                         320.2                          25.5                         3.595                         3.427                         3.857                          3.54                          3.42                        1485.5                          0.52                          0.49                          3.42
2026-07-10T10:46:04.191000000Z                          2.21                          1.29                          3.48                          3.48                             1                         12.93                         12.93                          1.03                         320.2                         320.2                          25.5                         3.093                         3.118                         3.424                          3.51                          3.12                        1485.4                           0.6                          0.47                          3.12
2026-07-10T10:46:34.276000000Z                          2.23                          1.33                          3.99                          3.99                             0                         12.93                         12.85                          1.03                         320.2                         318.1                          25.5                         2.987                          3.18                         3.879                           3.6                          3.28                        1485.4                          0.62                          0.51                          3.28
2026-07-10T10:47:04.366000000Z                          2.25                          1.31                          3.22                          3.22                             1                         20.46                         12.94                          1.03                         506.4                         320.2                          25.5                         2.985                          3.03                         3.623                          3.62                          3.32                        1484.9                          0.37                          0.48                          3.32
2026-07-10T10:47:34.359000000Z                          2.18                           1.3                          4.34                          4.34                             1                          12.9                          12.9                          1.03                         319.1                         319.1                          25.5                         2.911                         3.052                         3.705                          3.52                          3.46                        1484.7                          0.55                          0.45                          3.46
2026-07-10T10:48:04.402000000Z                          2.39                          1.33                          3.85                          3.85                             1                         12.94                         12.94                          1.03                         320.2                         320.2                          25.5                         2.966                         3.012                         3.689                          3.55                          3.38                          1485                          0.55                          0.46                          3.38
2026-07-10T10:48:34.388000000Z                          2.35                          1.32                          4.79                          4.79                             1                         12.85                         12.85                          1.03                         318.1                         318.1                          25.5                         3.202                         3.256                         4.375                          3.53                          3.34                        1485.1                          0.62                          0.45                          3.34
2026-07-10T10:49:04.495000000Z                          2.22                          1.32                          3.56                          3.56                             1                         12.89                         12.89                          1.03                         319.1                         319.1                          25.5                         3.163                         3.212                         3.279                          3.63                          3.48                          1485                          0.57                          0.46                          3.48
2026-07-10T10:49:34.501000000Z                          2.38                          1.31                          3.58                          3.58                             1                         12.94                         12.94                          1.03                         320.2                         320.2                          25.5                         2.926                         2.887                         3.442                          3.59                          3.37                        1484.6                          0.65                          0.49                          3.37
2026-07-10T10:50:04.598000000Z                          2.23                           1.3                          3.49                          3.49                             1                         13.02                         13.02                          1.03                         322.3                         322.3                          25.5                         3.032                         3.017                         3.457                          3.62                          3.36                        1485.4                          0.53                          0.43                          3.36
2026-07-10T10:50:34.592000000Z                           2.5                          1.36                          4.38                          4.38                             0                         12.89                         12.89                          1.03                         319.1                         319.1                          25.5                         3.228                         3.583                          4.22                          3.51                          3.15                          1485                          0.56                          0.44                          3.15
2026-07-10T10:51:04.650000000Z                          2.49                          1.35                          4.02                          4.02                             1                         12.89                         12.89                          1.03                         319.1                         319.1                          25.5                         3.621                         3.724                          4.51                          3.63                          3.22                          1485                          0.59                          0.47                          3.22
2026-07-10T10:51:34.718000000Z                          2.46                          1.35                          3.67                          3.67                             1                         12.94                         12.94                          1.03                         320.2                         320.2                          25.5                         3.244                         3.208                         3.781                          3.57                          3.16                        1484.5                          0.62                          0.51                          3.16
2026-07-10T10:52:04.686000000Z                          2.36                          1.31                          3.23                          3.23                             1                         19.43                         12.89                          1.03                         480.8                         319.1                          25.5                         3.242                         3.197                          3.19                          3.58                          3.12                        1484.8                          0.38                          0.45                          3.12
2026-07-10T10:52:34.787000000Z                          2.23                          1.29                           3.7                           3.7                             1                         12.93                         12.93                          1.03                         320.2                         320.2                          25.5                         3.087                         3.182                         3.772                          3.75                          3.23                        1485.3                           0.6                          0.49                          3.23
2026-07-10T10:53:04.839000000Z                          2.27                          1.33                          4.09                          4.09                             1                          12.9                          12.9                          1.03                         319.1                         319.1                          25.5                         3.268                         3.237                         4.062                          3.67                          3.16                        1484.6                           0.6                          0.48                          3.16
2026-07-10T10:53:34.863000000Z                          2.39                           1.3                          3.43                          3.43                             1                         20.63                         12.85                          1.03                         510.6                         318.1                          25.5                         3.458                          3.05                         3.268                          3.77                          3.17                        1485.2                          0.58                          0.46                          3.17
2026-07-10T10:54:04.885000000Z                          2.28                          1.32                          3.34                          3.34                             1                         12.85                         12.94                          1.03                         318.1                         320.2                          25.5                         2.925                         3.276                         3.689                          3.69                          3.44                        1485.1                          0.59                          0.47                          3.44
2026-07-10T10:54:34.990000000Z                          2.28                          1.33                          3.57                          3.57                             1                         12.89                         12.89                          1.03                         319.1                         319.1                          25.5                         3.064                         3.084                         3.676                          3.62                          3.09                        1484.9                          0.54                          0.48                          3.09
2026-07-10T10:55:05.156000000Z                          2.34                          1.32                          3.32                          3.32                             1                         12.89                         12.89                          1.03                         319.1                         319.1                          25.5                         3.248                         3.174                         3.241                           3.6                          3.15                        1485.3                          0.61                          0.44                          3.15
2026-07-10T10:55:35.018000000Z                          2.31                          1.34                          3.63                          3.63                             1                          12.9                          12.9                          1.03                         319.1                         319.1                          25.5                         3.108                         3.197                          3.36                          3.63                          3.49                        1484.6                          0.58                          0.44                          3.49
2026-07-10T10:56:05.146000000Z                           2.3                           1.3                          3.68                          3.68                             1                         12.93                         12.93                          1.03                         320.2                         320.2                          25.5                         3.044                         3.212                         3.675                          3.62                          3.36                        1485.3                          0.56                          0.47                          3.36
2026-07-10T10:56:35.196000000Z                          2.22                          1.32                          3.93                          3.93                             1                         19.13                         12.94                          1.03                         473.4                         320.2                          25.5                         3.155                         3.421                         4.005                          3.75                          3.43                        1485.1                           0.4                          0.46                          3.43
2026-07-10T10:57:05.298000000Z                          2.24                          1.33                           3.3                           3.3                             1                         12.85                         12.85                          1.03                         318.1                         318.1                          25.5                         3.085                         3.231                         3.625                          3.62                           3.2                        1485.1                          0.59                          0.46                           3.2
2026-07-10T10:57:35.378000000Z                          2.49                          1.35                          4.27                          4.27                             1                          12.9                         12.81                          1.03                         319.1                           317                          25.5                          3.65                         3.634                         4.514                          3.61                          3.36                        1484.5                          0.62                           0.5                          3.36
2026-07-10T10:58:05.914000000Z                          2.34                          1.33                          3.96                          3.96                             1                         20.55                         12.89                          1.03                         508.5                         319.1                          25.5                         3.154                         3.126                         3.797                           3.7                          3.38                          1485                          0.36                          0.47                          3.38
2026-07-10T10:58:35.386000000Z                          2.31                          1.37                          3.36                          3.36                             1                         12.86                         12.86                          1.03                         318.1                         318.1                          25.5                          3.19                         3.345                         3.581                          3.58                          3.38                        1484.5                          0.58                          0.47                          3.38
2026-07-10T10:59:05.500000000Z                          2.32                          1.31                          3.91                          3.91                             1                         19.39                         12.94                          1.03                         479.8                         320.2                          25.5                         3.075                         3.134                         3.627                          3.65                          3.34                        1484.9                           0.4                          0.47                          3.34
2026-07-10T10:59:35.512000000Z                          2.15                           1.3                          3.46                          3.46                             1                          12.9                          12.9                          1.03                         319.1                         319.1                          25.5                         2.953                         3.184                         3.389                           3.8                          3.37                        1484.4                          0.59                          0.47                          3.37
2026-07-10T11:00:05.506000000Z                          2.33                          1.34                          3.48                          3.48                             1                         12.89                         12.89                          1.03                         319.1                         319.1                          25.5                         2.815                          3.16                         3.458                          3.66                          3.57                        1484.9                          0.66                          0.55                          3.57
2026-07-10T11:00:35.642000000Z                           2.4                          1.34                          3.43                          3.43                             1                         17.41                         12.94                          1.03                         430.8                         320.2                          25.5                         3.477                         3.711                         3.484                          3.75                          3.46                        1484.7                          0.44                          0.49                          3.46
2026-07-10T11:01:05.667000000Z                          2.42                          1.37                             4                             4                             1                          20.5                         19.42                          1.03                         507.4                         480.8                          25.5                         3.257                         3.518                         3.654                          3.64                          3.49                        1485.1                          0.36                          0.38                          3.49
2026-07-10T11:01:35.722000000Z                           2.3                          1.28                          3.22                          3.22                             1                          15.3                         19.43                          1.03                         378.7                         480.8                          25.5                         3.107                         3.036                         3.124                          3.65                          3.42                        1484.7                          0.48                          0.29                          3.42
2026-07-10T11:02:05.867000000Z                          2.34                          1.32                          3.24                          3.24                             1                         12.89                         12.89                          1.03                         319.1                         319.1                          25.5                         3.188                          3.22                         3.323                           3.6                          3.21                        1485.3                          0.58                          0.44                          3.21
2026-07-10T11:02:35.856000000Z                          2.22                          1.31                          3.86                          3.86                             1                          20.5                         12.94                          1.03                         507.4                         320.2                          25.5                         2.877                         2.915                         3.924                          3.83                          3.51                          1485                          0.37                          0.47                          3.51
2026-07-10T11:03:05.959000000Z                          2.31                          1.33                          4.75                          4.75                             1                         12.89                         12.89                          1.03                         319.1                         319.1                          25.5                         3.056                         3.261                         4.924                          3.72                          3.55                        1485.3                           0.6                           0.5                          3.55
2026-07-10T11:03:35.991000000Z                          2.34                          1.39                          4.49                          4.49                             1                          12.9                          12.9                          1.03                         319.1                         319.1                          25.5                         2.988                         3.522                         4.595                          3.65                          3.28                        1484.7                          0.64                          0.51                          3.28
2026-07-10T11:04:06.084000000Z                          2.26                          1.32                          3.57                          3.57                             1                         12.93                         12.93                          1.03                         320.2                         320.2                          25.5                         2.955                         3.068                         3.704                          3.72                          3.47                        1485.3                          0.63                           0.5                          3.47
2026-07-10T11:04:36.126000000Z                          2.29                          1.34                          4.14                          4.14                             1                          12.9                          12.9                          1.03                         319.1                         319.1                          25.5                         3.002                         3.089                         4.595                          3.67                          3.36                        1484.5                          0.64                          0.51                          3.36
2026-07-10T11:05:06.192000000Z                          2.28                          1.32                          3.97                          3.97                             1                         12.89                         19.43                          1.03                         319.1                         480.8                          25.5                          2.97                          3.05                         3.574                          3.68                          3.48                        1484.9                          0.58                          0.32                          3.48
2026-07-10T11:05:36.330000000Z                          2.22                          1.33                          3.46                          3.46                             1                         12.98                         12.98                          1.03                         321.2                         321.2                          25.5                         3.217                          3.28                         3.495                          3.69                          3.21                        1484.7                           0.6                          0.47                          3.21
2026-07-10T11:06:06.370000000Z                          2.29                          1.34                          4.11                          4.11                             1                         17.96                         17.96                          1.03                         444.7                         444.7                          25.5                         3.188                          3.39                         3.623                          3.86                           3.4                        1485.4                          0.44                          0.35                           3.4
2026-07-10T11:06:36.438000000Z                          2.59                          1.39                          4.04                          4.04                             1                          12.9                          12.9                          1.03                         319.1                         319.1                          25.5                         3.631                         3.903                         3.911                           3.7                           3.5                        1484.5                           0.6                          0.51                           3.5
2026-07-10T11:07:06.560000000Z                          2.43                          1.33                          4.44                          4.44                             1                         12.89                         12.89                          1.03                         319.1                         319.1                          25.5                         3.319                         3.282                         4.405                          3.74                          3.38                        1485.3                          0.62                          0.51                          3.38
2026-07-10T11:07:36.567000000Z                           2.4                          1.34                          3.62                          3.62                             1                          12.9                          12.9                          1.03                         319.1                         319.1                          25.5                         3.219                         3.279                         3.805                          3.74                          3.34                        1484.6                          0.42                          0.34                          3.34
2026-07-10T11:08:06.705000000Z                          2.34                          1.32                          4.68                          4.68                             1                         12.89                         12.89                          1.03                         319.1                         319.1                          25.5                         3.121                         3.089                         4.459                          3.94                          3.41                        1485.3                          0.63                           0.5                          3.41
2026-07-10T11:08:36.650000000Z                           2.3                          1.33                          3.85                          3.85                             1                         12.89                         12.89                          1.03                         319.1                         319.1                          25.5                         2.911                         2.928                          3.47                          3.75                          3.51                        1484.9                          0.58                          0.45                          3.51
2026-07-10T11:09:06.738000000Z                          2.22                          1.28                          3.71                          3.71                             1                         16.98                         12.94                          1.03                         420.2                         320.2                          25.5                         2.955                         2.955                         3.277                          3.71                          3.31                        1485.1                          0.45                          0.48                          3.31
2026-07-10T11:09:36.813000000Z                          2.43                          1.31                          4.21                          4.21                             1                         12.94                         12.94                          1.03                         320.2                         320.2                          25.5                         3.391                         3.192                          3.84                          3.69                           3.5                        1484.5                           0.6                          0.49                           3.5
2026-07-10T11:10:06.838000000Z                           2.3                          1.37                          4.88                          4.88                             1                         12.89                         12.89                          1.03                         319.1                         319.1                          25.5                         3.708                         4.452                         4.698                          3.75                          3.57                        1484.9                           0.4                           0.5                          3.57
2026-07-10T11:10:36.875000000Z                          2.27                           1.3                          3.78                          3.78                             1                         15.35                         15.35                          1.03                         379.8                         379.8                          25.5                         3.155                             3                         3.641                          3.72                          3.23                        1484.6                          0.51                          0.41                          3.23
2026-07-10T11:11:06.998000000Z                          2.43                          1.38                          3.63                          3.63                             1                         19.42                         12.93                          1.03                         480.8                         320.2                          25.5                         3.239                         3.405                         3.602                          3.81                          3.32                        1485.3                          0.39                          0.48                          3.32
2026-07-10T11:11:37.162000000Z                          2.47                          1.35                          3.36                          3.36                             1                         20.51                         12.86                          1.03                         507.4                         318.1                          25.5                         3.568                         3.431                          3.31                          3.84                          3.44                        1484.7                          0.42                          0.53                          3.44
2026-07-10T11:12:07.214000000Z                          2.47                          1.37                          4.18                          4.18                             1                         12.89                         12.89                          1.03                         319.1                         319.1                          25.5                         3.106                         3.135                         3.725                          3.79                           3.4                          1485                          0.62                           0.5                           3.4
2026-07-10T11:12:37.073000000Z                          2.17                          1.29                          3.49                          3.49                             1                         12.89                         12.89                          1.03                         319.1                         319.1                          25.5                         2.879                         3.029                         3.707                          3.66                           3.2                        1484.8                          0.56                          0.45                           3.2
2026-07-10T11:13:07.139000000Z                          2.34                          1.34                           3.9                           3.9                             1                         12.89                         12.89                          1.03                         319.1                         319.1                          25.5                         3.042                          3.21                         4.057                          3.81                          3.55                        1484.9                           0.6                          0.49                          3.55
2026-07-10T11:13:37.220000000Z                          2.34                          1.34                          3.74                          3.74                             1                          12.9                          12.9                          1.03                         319.1                         319.1                          25.5                         3.012                         2.987                         3.558                          3.72                          3.34                        1484.7                          0.63                           0.5                          3.34
2026-07-10T11:14:07.315000000Z                          2.52                          1.36                          4.52                          4.52                             1                         12.89                         12.89                          1.03                         319.1                         319.1                          25.5                         3.501                           3.4                         4.641                          3.79                          3.37                        1484.9                          0.63                          0.51                          3.37
2026-07-10T11:14:37.364000000Z                          2.17                          1.34                          3.97                          3.97                             1                         12.81                         12.81                          1.03                           317                           317                          25.5                         2.895                         3.002                         3.931                          3.76                          3.56                        1484.8                          0.58                          0.46                          3.56
2026-07-10T11:15:07.411000000Z                          2.41                          1.35                          3.93                          3.93                             1                         12.86                         12.86                          1.03                         318.1                         318.1                          25.5                         3.318                         3.184                         3.728                           3.7                          3.56                        1484.6                          0.65                          0.51                          3.56
2026-07-10T11:15:37.503000000Z                           2.2                          1.31                          4.48                          4.48                             1                         12.86                         12.94                          1.03                         318.1                         320.2                          25.5                          2.98                         2.906                         4.055                          3.74                          3.49                        1484.6                          0.58                          0.47                          3.49
2026-07-10T11:16:07.571000000Z                          2.36                          1.37                          3.46                          3.46                             1                         12.89                         12.89                          1.03                         319.1                         319.1                          25.5                         2.993                         3.202                         3.487                          3.74                          3.57                        1485.3                          0.67                          0.54                          3.57
2026-07-10T11:16:37.559000000Z                          2.37                          1.36                          4.39                          4.39                             1                         12.85                         12.85                          1.03                         318.1                         318.1                          25.5                         3.204                         3.272                         3.892                          3.75                           3.6                        1485.1                          0.63                          0.51                           3.6
2026-07-10T11:17:07.682000000Z                          2.35                          1.37                          3.56                          3.56                             1                          12.9                          12.9                          1.03                         319.1                         319.1                          25.5                         3.183                         3.367                         3.555                          3.83                          3.36                        1484.7                          0.61                          0.51                          3.36
2026-07-10T11:17:37.568000000Z                          2.11                           1.3                          3.98                          3.98                             1                         12.89                         12.89                          1.03                         319.1                         319.1                          25.5                         2.972                          3.12                         3.725                          3.84                          3.33                        1484.9                          0.62                          0.51                          3.33
2026-07-10T11:18:07.714000000Z                          2.27                          1.33                          3.61                          3.61                             1                          12.9                          12.9                          1.03                         319.1                         319.1                          25.5                         3.373                         3.521                         3.622                          3.79                          3.62                        1484.4                          0.65                          0.54                          3.62
2026-07-10T11:18:37.731000000Z                          2.23                          1.37                          3.72                          3.72                             1                         15.25                         12.93                          1.03                         377.6                         320.2                          25.5                         3.046                         3.141                         3.837                          3.75                          3.13                        1485.3                          0.59                          0.47                          3.13
2026-07-10T11:19:07.836000000Z                          2.46                          1.35                          4.24                          4.24                             1                          19.3                         12.85                          1.03                         477.6                         318.1                          25.5                         3.338                         3.217                         4.288                          3.67                          3.66                        1484.8                          0.41                          0.49                          3.66
2026-07-10T11:19:37.822000000Z                          2.45                          1.36                          4.09                          4.09                             1                         12.93                         12.93                          1.03                         320.2                         320.2                          25.5                         3.132                         3.334                         3.782                          3.76                          3.37                        1485.4                          0.63                          0.51                          3.37
2026-07-10T11:20:07.958000000Z                          2.72                          1.42                           4.4                           4.4                             1                         16.93                         12.93                          1.03                         419.1                         320.2                          25.5                         3.567                         4.102                         4.316                          3.74                          3.55                        1485.5                          0.49                          0.53                          3.55
2026-07-10T11:20:38.007000000Z                          2.45                          1.32                           3.9                           3.9                             1                         12.85                         12.85                          1.03                         318.1                         318.1                          25.5                         3.296                          3.07                         4.494                          3.95                          3.34                        1485.1                          0.62                          0.46                          3.34
2026-07-10T11:21:08.427000000Z                          2.25                           1.3                          3.32                          3.32                             1                         12.89                         12.89                          1.03                         319.1                         319.1                          25.5                         3.006                         3.047                         3.426                          3.81                          3.31                        1484.9                          0.56                          0.46                          3.31
2026-07-10T11:21:38.193000000Z                          2.39                          1.32                           3.6                           3.6                             1                         12.89                         12.89                          1.03                         319.1                         319.1                          25.5                         3.404                         3.378                         3.395                          3.83                          3.62                        1485.2                          0.62                           0.5                          3.62
2026-07-10T11:22:08.122000000Z                          2.83                          1.45                          3.97                          3.97                             1                          20.5                          20.5                          1.03                         507.4                         507.4                          25.5                         4.113                         4.283                         4.259                          3.89                          3.44                        1485.1                          0.39                          0.31                          3.44
2026-07-10T11:22:38.195000000Z                          2.33                          1.32                          4.14                          4.14                             1                          20.5                         12.85                          1.03                         507.4                         318.1                          25.5                         3.049                         3.172                         4.287                          3.77                          3.45                        1484.9                          0.39                          0.49                          3.45
2026-07-10T11:23:08.319000000Z                           2.3                          1.32                           3.8                           3.8                             1                         12.89                         12.89                          1.03                         319.1                         319.1                          25.5                         3.043                         2.802                         3.744                          3.79                          3.48                        1484.9                          0.62                          0.51                          3.48
2026-07-10T11:23:38.380000000Z                          2.55                          1.31                          3.66                          3.66                             1                         15.26                         15.26                          1.03                         377.6                         377.6                          25.5                         3.739                         3.148                         3.609                          3.93                          3.53                        1484.8                          0.49                          0.38                          3.53
2026-07-10T11:24:08.320000000Z                          2.49                          1.35                          4.27                          4.27                             1                         18.14                         12.85                          1.03                         448.9                         318.1                          25.5                         3.389                         3.349                         4.221                          3.78                           3.4                        1484.9                          0.43                          0.48                           3.4
2026-07-10T11:24:38.402000000Z                          2.41                          1.36                          3.83                          3.83                             1                         12.94                         12.94                          1.03                         320.2                         320.2                          25.5                         3.039                         3.154                         3.568                          3.84                           3.3                        1485.2                          0.61                          0.49                           3.3
2026-07-10T11:25:08.478000000Z                          2.38                          1.35                          4.32                          4.32                             1                         19.16                         16.97                          1.03                         474.4                         420.2                          25.5                         3.358                         3.686                         4.254                          3.84                          3.65                        1485.3                          0.42                          0.38                          3.65
2026-07-10T11:25:38.494000000Z                          2.29                          1.34                          3.95                          3.95                             1                         18.27                         19.43                          1.03                         452.1                         480.8                          25.5                         3.205                         3.427                         4.722                          3.79                          3.48                          1485                          0.47                          0.37                          3.48
2026-07-10T11:26:08.522000000Z                          2.29                           1.3                          3.76                          3.76                             1                         12.89                         12.89                          1.03                         319.1                         319.1                          25.5                         2.929                         2.938                         3.759                          3.79                          3.54                        1485.2                          0.65                          0.49                          3.54
2026-07-10T11:26:38.575000000Z                          2.57                          1.37                          3.88                          3.88                             1                         12.94                         12.94                          1.03                         320.2                         320.2                          25.5                         3.802                         3.789                         3.707                          3.75                          3.44                        1485.1                          0.63                          0.45                          3.44
2026-07-10T11:27:08.650000000Z                          2.48                           1.4                          3.71                          3.71                             1                         12.86                         12.86                          1.03                         318.1                         318.1                          25.5                         3.455                         3.899                         3.782                          3.86                          3.28                        1484.6                          0.62                          0.47                          3.28
2026-07-10T11:27:38.613000000Z                          2.54                          1.38                          3.48                          3.48                             1                         12.89                         12.89                          1.03                         319.1                         319.1                          25.5                         3.669                         3.382                         3.493                          3.91                          3.36                        1484.8                          0.64                          0.49                          3.36
2026-07-10T11:28:08.632000000Z                          2.26                           1.3                          3.94                          3.94                             1                         12.98                         12.98                          1.03                         321.2                         321.2                          25.5                         2.932                         3.033                         3.922                          3.85                           3.2                          1485                           0.6                          0.48                           3.2
2026-07-10T11:28:38.753000000Z                          2.45                          1.36                          4.75                          4.75                             1                         20.46                         19.43                          1.03                         506.4                         480.8                          25.5                         3.222                         3.212                         5.489                          3.78                          3.41                          1485                          0.42                          0.35                          3.41
2026-07-10T11:29:08.834000000Z                          2.53                          1.44                          4.18                          4.18                             1                         18.01                         18.01                          1.03                         445.7                         445.7                          25.5                         3.314                         4.041                         5.175                          3.83                          3.36                        1485.1                          0.42                          0.34                          3.36
2026-07-10T11:29:38.814000000Z                          2.45                          1.36                          3.76                          3.76                             1                         12.94                         12.94                          1.03                         320.2                         320.2                          25.5                         3.387                         3.434                         3.596                          3.73                          3.63                        1484.5                           0.6                          0.48                          3.63
2026-07-10T11:30:08.873000000Z                          2.59                          1.35                          4.43                          4.43                             1                         18.05                         18.05                          1.03                         446.8                         446.8                          25.5                         3.466                         3.281                         3.942                          3.92                          3.23                        1485.3                          0.45                          0.36                          3.23
2026-07-10T11:30:39.214000000Z                          2.29                          1.34                          3.98                          3.98                             1                         12.93                         12.93                          1.03                         320.2                         320.2                          25.5                         3.175                         3.091                         4.025                          3.91                          3.48                        1485.4                          0.59                          0.48                          3.48
2026-07-10T11:31:08.895000000Z                           2.3                           1.3                          3.57                          3.57                             1                         18.19                         12.98                          1.03                           450                         321.2                          25.5                         3.115                         3.027                         3.432                           3.9                          3.22                        1484.5                          0.42                          0.47                          3.22
2026-07-10T11:31:39.401000000Z                          2.35                          1.33                          3.51                          3.51                             1                         12.93                         12.93                          1.03                         320.2                         320.2                          25.5                          3.21                         3.295                         3.331                          3.89                          3.36                        1485.4                          0.64                          0.53                          3.36
2026-07-10T11:32:09.406000000Z                           2.4                          1.36                          4.25                          4.25                             1                         12.94                         12.94                          1.03                         320.2                         320.2                          25.5                         3.202                         3.635                          4.65                          3.78                           3.3                        1484.9                          0.57                          0.47                           3.3
2026-07-10T11:32:39.398000000Z                          2.41                          1.36                          3.91                          3.91                             1                         12.89                         12.89                          1.03                         319.1                         319.1                          25.5                         3.345                         3.318                         3.903                          3.87                          3.45                        1485.2                          0.38                           0.5                          3.45
2026-07-10T11:33:09.569000000Z                          2.43                          1.33                          4.02                          4.02                             1                         12.89                         12.89                          1.03                         319.1                         319.1                          25.5                         3.044                         3.061                         3.821                          3.79                          3.36                          1485                           0.6                          0.48                          3.36
2026-07-10T11:33:40.500000000Z                          2.29                           1.4                          3.88                          3.88                             1                         16.94                         12.86                          1.03                         419.1                         318.1                          25.5                         2.983                         3.514                         4.084                          3.85                          3.33                        1484.7                          0.48                          0.51                          3.33
2026-07-10T11:34:10.564000000Z                          2.34                           1.3                          3.62                          3.62                             1                         12.97                         12.97                          1.03                         321.2                         321.2                          25.5                         3.176                         3.196                         3.458                          3.77                          3.33                        1485.4                           0.6                          0.48                          3.33
2026-07-10T11:34:40.430000000Z                          2.43                          1.34                          3.74                          3.74                             1                         12.89                         12.89                          1.03                         319.1                         319.1                          25.5                         3.489                         3.519                         3.615                          3.91                          3.53                        1484.8                          0.55                          0.42                          3.53
2026-07-10T11:35:10.549000000Z                          2.41                          1.29                          3.57                          3.57                             1                         12.94                         12.94                          1.03                         320.2                         320.2                          25.5                           2.9                         2.956                         3.455                          3.86                          3.31                          1485                          0.49                          0.47                          3.31
2026-07-10T11:35:40.550000000Z                          2.33                          1.38                          4.47                          4.47                             1                         12.94                         12.94                          1.03                         320.2                         320.2                          25.5                         3.391                           3.7                         4.317                          3.77                          3.44                        1485.1                          0.63                          0.53                          3.44
2026-07-10T11:36:10.758000000Z                          2.55                          1.41                          3.52                          3.52                             1                         18.01                         12.94                          1.03                         445.7                         320.2                          25.5                         3.388                         3.628                          3.45                           3.8                          3.38                        1484.8                          0.45                          0.51                          3.38
2026-07-10T11:36:40.717000000Z                          2.42                          1.33                          4.31                          4.31                             1                         12.94                         12.94                          1.03                         320.2                         320.2                          25.5                         2.891                         2.893                         4.243                          4.08                          3.67                          1485                          0.66                          0.54                          3.67
2026-07-10T11:37:10.874000000Z                          2.62                          1.42                          4.08                          4.08                             1                         12.85                         12.85                          1.03                         318.1                         318.1                          25.5                         3.286                         3.492                         3.933                          3.92                          3.49                          1485                          0.63                          0.51                          3.49
2026-07-10T11:37:40.837000000Z                          2.38                          1.34                          4.29                          4.29                             1                         12.94                         12.94                          1.03                         320.2                         320.2                          25.5                         3.198                         3.347                         4.101                          3.84                          3.33                        1485.2                          0.59                          0.47                          3.33
2026-07-10T11:38:10.892000000Z                          2.64                          1.37                          4.55                          4.55                             1                         12.89                         12.89                          1.03                         319.1                         319.1                          25.5                          3.28                         3.269                         4.724                          3.86                          3.85                        1484.9                          0.71                          0.55                          3.85
2026-07-10T11:38:40.889000000Z                          2.29                          1.35                          4.57                          4.57                             1                          12.9                          12.9                          1.03                         319.1                         319.1                          25.5                         3.092                         3.578                          5.25                          3.93                           3.6                        1484.7                          0.63                          0.52                           3.6
2026-07-10T11:39:11.025000000Z                          2.27                          1.31                          3.57                          3.57                             1                         12.93                         12.93                          1.03                         320.2                         320.2                          25.5                         2.831                         2.973                         3.328                          3.78                          3.42                        1485.3                          0.64                          0.51                          3.42
2026-07-10T11:39:41.104000000Z                          2.59                           1.3                          3.72                          3.72                             1                          20.5                          20.5                          1.03                         507.4                         507.4                          25.5                         3.395                         3.049                         3.803                          3.93                          3.36                        1484.8                           0.4                          0.31                          3.36
iotprom@ubuntu-s-2vcpu-2gb-sgp1:/opt/iot-stack$